-- MySQL dump 10.13  Distrib 8.0.32, for Win64 (x86_64)
--
-- Host: localhost    Database: word_sagar
-- ------------------------------------------------------
-- Server version	8.0.32

/*!40101 SET @OLD_CHARACTER_SET_CLIENT=@@CHARACTER_SET_CLIENT */;
/*!40101 SET @OLD_CHARACTER_SET_RESULTS=@@CHARACTER_SET_RESULTS */;
/*!40101 SET @OLD_COLLATION_CONNECTION=@@COLLATION_CONNECTION */;
/*!50503 SET NAMES utf8mb4 */;
/*!40103 SET @OLD_TIME_ZONE=@@TIME_ZONE */;
/*!40103 SET TIME_ZONE='+00:00' */;
/*!40014 SET @OLD_UNIQUE_CHECKS=@@UNIQUE_CHECKS, UNIQUE_CHECKS=0 */;
/*!40014 SET @OLD_FOREIGN_KEY_CHECKS=@@FOREIGN_KEY_CHECKS, FOREIGN_KEY_CHECKS=0 */;
/*!40101 SET @OLD_SQL_MODE=@@SQL_MODE, SQL_MODE='NO_AUTO_VALUE_ON_ZERO' */;
/*!40111 SET @OLD_SQL_NOTES=@@SQL_NOTES, SQL_NOTES=0 */;

--
-- Table structure for table `parts_of_speech`
--

DROP TABLE IF EXISTS `parts_of_speech`;
/*!40101 SET @saved_cs_client     = @@character_set_client */;
/*!50503 SET character_set_client = utf8mb4 */;
CREATE TABLE `parts_of_speech` (
  `p_id` int NOT NULL AUTO_INCREMENT,
  `pname` varchar(15) NOT NULL,
  PRIMARY KEY (`p_id`)
) ENGINE=InnoDB AUTO_INCREMENT=9 DEFAULT CHARSET=utf8mb4 COLLATE=utf8mb4_0900_ai_ci;
/*!40101 SET character_set_client = @saved_cs_client */;

--
-- Dumping data for table `parts_of_speech`
--

LOCK TABLES `parts_of_speech` WRITE;
/*!40000 ALTER TABLE `parts_of_speech` DISABLE KEYS */;
INSERT INTO `parts_of_speech` VALUES (1,'Noun'),(2,'Pronoun'),(3,'Adjective'),(4,'Verb'),(5,'Adverb'),(6,'Preposition'),(7,'Conjunction'),(8,'Interjunction');
/*!40000 ALTER TABLE `parts_of_speech` ENABLE KEYS */;
UNLOCK TABLES;

--
-- Table structure for table `wdescription`
--

DROP TABLE IF EXISTS `wdescription`;
/*!40101 SET @saved_cs_client     = @@character_set_client */;
/*!50503 SET character_set_client = utf8mb4 */;
CREATE TABLE `wdescription` (
  `dno` int NOT NULL,
  `wnum` int DEFAULT NULL,
  `synonym` varchar(200) DEFAULT NULL,
  `antonym` varchar(200) DEFAULT NULL,
  `sname` varchar(200) DEFAULT NULL,
  `pno` int NOT NULL,
  PRIMARY KEY (`dno`),
  KEY `wnum` (`wnum`),
  KEY `pno` (`pno`),
  CONSTRAINT `wdescription_ibfk_1` FOREIGN KEY (`wnum`) REFERENCES `words` (`wid`),
  CONSTRAINT `wdescription_ibfk_2` FOREIGN KEY (`pno`) REFERENCES `parts_of_speech` (`p_id`)
) ENGINE=InnoDB DEFAULT CHARSET=utf8mb4 COLLATE=utf8mb4_0900_ai_ci;
/*!40101 SET character_set_client = @saved_cs_client */;

--
-- Dumping data for table `wdescription`
--

LOCK TABLES `wdescription` WRITE;
/*!40000 ALTER TABLE `wdescription` DISABLE KEYS */;
INSERT INTO `wdescription` VALUES (1,1,'odd,peculiar,different,unorthodox,anomalous,surprising','incurious,ordinary',NULL,3),(2,2,'Ananas',NULL,'Ananas comosus',1),(3,3,'fund, stock, depot, entrepot, storage, storehouse',NULL,NULL,1),(4,3,'keep, stockpile, collect','use, discard',NULL,4),(5,4,'chiropteran',NULL,'Chiroptera',1),(6,4,'squash racket, squash racquet',NULL,'Chiroptera',1),(7,4,'flutter',NULL,NULL,4),(8,5,'casement, opening, aperature',NULL,NULL,1),(9,6,'inscription, label, mark',NULL,NULL,1),(10,6,'label, direct, inscribe','criticize',NULL,4);
/*!40000 ALTER TABLE `wdescription` ENABLE KEYS */;
UNLOCK TABLES;

--
-- Table structure for table `wlanguage`
--

DROP TABLE IF EXISTS `wlanguage`;
/*!40101 SET @saved_cs_client     = @@character_set_client */;
/*!50503 SET character_set_client = utf8mb4 */;
CREATE TABLE `wlanguage` (
  `lid` int NOT NULL,
  `wno` int NOT NULL,
  `Lhindi` varchar(400) CHARACTER SET utf16 COLLATE utf16_general_ci NOT NULL,
  `Ltamil` varchar(400) CHARACTER SET utf16 COLLATE utf16_general_ci NOT NULL,
  `Lgujrati` varchar(400) CHARACTER SET utf16 COLLATE utf16_general_ci NOT NULL,
  `posId` int NOT NULL,
  PRIMARY KEY (`lid`),
  KEY `posId` (`posId`),
  KEY `wno` (`wno`),
  CONSTRAINT `wlanguage_ibfk_1` FOREIGN KEY (`posId`) REFERENCES `parts_of_speech` (`p_id`),
  CONSTRAINT `wlanguage_ibfk_2` FOREIGN KEY (`wno`) REFERENCES `words` (`wid`)
) ENGINE=InnoDB DEFAULT CHARSET=utf8mb4 COLLATE=utf8mb4_0900_ai_ci;
/*!40101 SET character_set_client = @saved_cs_client */;

--
-- Dumping data for table `wlanguage`
--

LOCK TABLES `wlanguage` WRITE;
/*!40000 ALTER TABLE `wlanguage` DISABLE KEYS */;
INSERT INTO `wlanguage` VALUES (1,1,'अनोखा, दुर्लभ, श्रेष्ठ, अजीब, अद्भुत, दर्शनीय, उत्सुक','தனித்துவமான, அரிய, உயர்ந்த, விசித்திரமான, ஆச்சரியமான, காணக்கூடிய, ஆர்வமுள்ள','અનન્ય, દુર્લભ, શ્રેષ્ઠ, વિચિત્ર, અમેઝિંગ, દૃશ્યમાન, વિચિત્ર',3),(2,2,'अनन्नास','அன்னாசி','અનેનાસ',1),(3,3,'दुकान, भंडार, गोदाम','கடை, கடை, குடோன்','દુકાન, દુકાન, ગોડાઉન',1),(4,3,'इकठ्ठा करना, संग्रह करना','சேகரிப்பதற்காக','એકત્રિત કરવા માટે',4),(5,4,'चमगादड़','வௌவால்','બેટ',1),(6,4,'बल्ला','வௌவால்','બેટ',1),(7,4,'फड़फड़ाना','படபடப்பு','ફફડાટ',4),(8,5,'खिड़की','ஜன்னல்','બારી',1),(9,6,'पता','முகவரி','સરનામું',1),(10,6,'संबोधित करना','உரையாற்ற','સરનામે',4);
/*!40000 ALTER TABLE `wlanguage` ENABLE KEYS */;
UNLOCK TABLES;

--
-- Table structure for table `wmeaning`
--

DROP TABLE IF EXISTS `wmeaning`;
/*!40101 SET @saved_cs_client     = @@character_set_client */;
/*!50503 SET character_set_client = utf8mb4 */;
CREATE TABLE `wmeaning` (
  `mid` int NOT NULL,
  `w_id` int NOT NULL,
  `meaning` varchar(500) NOT NULL,
  `pid` int NOT NULL,
  `image` mediumblob,
  `example` varchar(500) NOT NULL,
  PRIMARY KEY (`mid`,`meaning`),
  KEY `w_id` (`w_id`),
  KEY `pid` (`pid`),
  CONSTRAINT `wmeaning_ibfk_1` FOREIGN KEY (`w_id`) REFERENCES `words` (`wid`),
  CONSTRAINT `wmeaning_ibfk_2` FOREIGN KEY (`pid`) REFERENCES `parts_of_speech` (`p_id`)
) ENGINE=InnoDB DEFAULT CHARSET=utf8mb4 COLLATE=utf8mb4_0900_ai_ci;
/*!40101 SET character_set_client = @saved_cs_client */;

--
-- Dumping data for table `wmeaning`
--

LOCK TABLES `wmeaning` WRITE;
/*!40000 ALTER TABLE `wmeaning` DISABLE KEYS */;
INSERT INTO `wmeaning` VALUES (1,1,'eager to know or learn something, strange, unusual',3,NULL,'a curious child is a teacher\'s delight'),(2,2,'large sweet fleshy tropical fruit with a terminal tuft of stiff leaves',1,_binary '\\\0JFIF\0\0\0\0\0\0\\0\0	4 \Z%!3!%)../.383-8(-.+\n\n\n\r-% %0--/----.----5----/-------------------------------\0\0\\0\\0\\0\0\0\0\0\0\0\0\0\0\0\0\0\0\\09\0\0\0\0\0\0!1AQa\"q2BR\#r\3\Cb\\\0\Z\0\0\0\0\0\0\0\0\0\0\0\0\\01\0\0\0\0\0!1A\"2Qa\#q\\B\3\\0\0\0?\0\@@@@@A\rp;&\PrfX\EsZw\n<at\\Z\u2\!#\\\"y\\\^&\ua\-:o\\6\T\H\$\r\p\\#\\_)\\Z\h\0ɋ\-\0>ko\Cf3f5\f\\\Ћ\Y\'\Zr>.!u\r\Fb\S$\ۉ\\\\\T-cl)]\\kmϸTb5\\wn9W澝a`\\\}\ui\\0|)\\\h[\Eא>b&f\\\\s]>J^g\\4\ew?S\\әGkCf\\N\\T\O/k\Z]\~\\v]\rxs/$$\\\߮ÒC\{*\Ti\'>m\Q޹c嘟\0\Z\0S|:;Qh:\6x\͛Em\O\\\\\\\\%%\\@\\\\\\0\\\8\j\m\\0\}3m1\\\\픶7Z\~\\*[Lޖs\J\U\\;\\K\kZ\7e&\g=e<}6y\֓6$\\1<\I+X\QX\\5\Oi\`\ԕw\\\\-Fs\=\Ű\\:7\S\\kj%ߣL8\sV\"-c%N؏TR\"tT}&[\UXy\}31\n}4\)5Z~zN?\p>xQ\^>8\\\Ub\I	_\t\\C\+b\E|xMV/rۃi-\\\P\;\\\v\rT\\};}Wx\\n\\fbU\V4\\MןTx\\ܺ5(V\\1J\nLs39&x\?\8Uy0f\\\\c\\=k\*ia3kljנS\_P9\\\\n\s\l\\S؏T\\\\ν^\@&&P\rp0Uy\O\n}W2D\x7d\W\\η\c\\\\Ϩ\/\\Q\\5ϣN\\\oJm ڒ\\i\0x&/\\v\<#\\b6o`iw\kZ\rg\7O<\\e\0[\Pkq	q\\\\_(\\H\\|>gRt\![\]\$)x\[\>X\\{\r뷢\r\#t\-47 8\Byh\hA\O	\\N42ZLÏ9ceS%qǊo\9?m31~Z\u\xUo4bYG<\v\4m4r*9\\Z\D\:Y\\\c K3\5\ü\1{1ETS_\\0Rbo>\\y\s1\\].\\\0z\s{\g\7\\h:}ܥ8k\nCy_r\\Z\z\V\+. 8\\'\r\0V\W$\cs\\c\$\MoXzڻ\\rLC\\Ѥ\>\r!\\\Ζ\ \0d7QZn7\\t\\L-Z\sF\\O\O4\|.\'_E+#^{I\j\S`VG\Row\r\K\\$\}\=k;\X\(\\,\};\0|88y\0\n\E1Z\gi\a\L.\6\~\\$ɏ\)\\KO\{ǘ\\0^=cu\\ǒ1ū\\T;;gK 5[\\0\Mֿ\#\/xt^0\q\\)\\aJ4@\ii&\ns!\nw\c/%k31ou3*SWmyub\\\\\\.2`o>1\^n|#\k\9\\Z\\Z|Ѡ g}\_Q7W\JjRyLc\\\7\򽎻8\5\ֻ\S{k\^Fp\0\ZէV\$ɍS>n\_O\\\\D\l5и{75\P\:\\I\\P\\\i`\\3\nvV%:(|}\\\e*.#Ţu\\;}*=Vi\>W\\1ǫ̳lZIh\\rkI \rc*T\Y\-S\M\d~Ro\vU\\}? ɘ\Z	ht%\j\+76L~\#-\\rw\\\Yw۔v\$t\0U9n<]\Y(a\9\\&=wL~KGlI.kQ\tf\h\Ln\\kb릴\\\\c\0K\2ƒ^\`DK\\\<YՏ_Սf<%qo3L\\6A 	ދF\\)7C\3,\\T\\\ѻa\bf\\\'\\\n؊\4q5\\\M\8@\"v\\\5\>S\1\\\A~̼Cmo^Pf\M\.>wѠH1J\>\i\eM~\o0P\\">V9\tm.p\"+q\">$\\\}$k{DZ\"wP^-`>X\+c\\\\\\\ǧ\s\\\\׺59~bW\Df5:}^ x\1fQ\\\h\\Z\\OV\$D<22*mAŲ`Kvʙq\kk\	VfsQiZ\'~ʬR\o5f\\\.\\\~&q.\0\GE[jvx\b;2\\u6\\L\\V\\i\\\ZxV\\GX\]\ó\\w\\\\beol:+\\\\\\\E\?O\D\\:M\m\X\0\V~\\Z\[bD{B\\mJʨ\6\\\rn\\TL\\\<<7\1\\4\ň\7YXxKNݳ\\"]E\\\L\i~\\>\\!rI-\V&H\\k4\gcб\\\|ʮl|\\XyRTen.\?|s?\\r\\KZ\\DkËTA16}S\4\2\$L\i\ZIȅ\^ʵ\0,\XV̿\\溨\Z\a\p{mb\xVg[\\\rNNi\MAL\\s\\\V&i\\m&N^\:H򍹈\\\YZxuwtc t\CۘC\\m6\J\\\92DDŹ]#s§A-\+\	5ۤ)1+\w>[M\9Z\Z\>QyP4\`\M\}\\\)k-\M\r~}O7}N>xn\FDj\"\Z\xA>Co\\m5\\^\:k@ظ{lEJѹۯT}\v\X\ӥ\\\\'8\f\6\V\\0\^q(\Ž\\Mw*\]\Yxci\\;軺\3ÙX\pDk\B\*O>v\\\\kkI<\q}O\}?2L\\7?꧴+\\'\7J\1mJΩP=\\0kZݷQ\)gIn\<D)4l<\'\`ܘ=ed\|\j\ގƎ7Lj\>7\0^\\˫\4\\\\0m~}wU5W=E\'\ZeCkū;f\5eG4}\\CD\M-j!ϲD=v\\\Pz3\ru\n\D7p\)\:K\0/E\\ʟ_mc]_J\eW\\\mG\_\Xewes\\\\\f\\\Zuj:,\1\m>[vG~UR*\#\McR刚p\\/\\\F\l>m\w1\\\{F4\L\vUin\N\0\gk\\OΟ\>6--|$ƥ\%pʥvҢ_\e\1\$ꑴwS\9k>\HDs\Z\Kq0Ѫ\ؐu\_A\ίM[\xR\9?5 \x\\\\b\`C50\\Z\.\ߨ\n<JLV\\^W{mP$.\0\\\0۩Xю\n\%\ah-:Y\\\0\y@;\潢ys	<06$D\rA\0SN\\"\\\\f`ݢm>!FxSs\\)zUٞ\0)f7/bV,ճz\\\\\rh\=iǪg[óm\U\d\?\nJw\/~_\\0Qt\\\9\\i\?\\=G-\x6\h_Rˆ+^\\'4\ܴ7){k&\8]}o=j\\"\\\\ ǂzdZba\x               (\A[.g\\\\n,\b64\KI\o\Y}Gmm2\\3HpLjLs9\\đbg\f9-\]\\<%12 \\\*\Ԯ]y\ݎ\\\0m|5Ԣ7<ۼ\nK\\u?M\O\ ñ6\\r\0\Fށ]ǎͧ\U\\zS\Z\0\Z\0\0\0X\06\\U\9hva*9:X\	#&x_/\\0E;\O\Q3v\:\h\\\\\\o\0q@u\\\\\m\aDiWMՊ\)m\\{b\\m\ktԭv\\C8-\p7^F\ƙ^`\Z^\z\Ux\J\{R	\r<=~\l\khG+8sZ\cX\Rj\'rů \\X+\ٮz\\\\\'5\\\0t\\}\\\vmê\x\\`ͩO\i\c\HX>볻\	\Ɛ\\Sz\\0*\\9k1\,ϏDV\f\\kBZ\FH\bv\Qu#Ù\S;<:%\\\\W\p\-\˯\&+\|3\\\7\UՊs>SvL˝\_\g\-\R\!\\\\ay^:L\U\\?Wo\\Q\\p\`I\$\%},U\^ڲy\[qA\x\\Y\\]\\HmH\\\L(Y\.2ffD_\:*y\'k\!\9{tS	7\'\,\\\	\&`\\[NN\sh;\1ٶ\\\qs8ߑ\\\z;t{c\Եr׺!߆ĝ\\=L&8v\n\\ K \|3\{\\J\\\\\:O\\s\e0f\x\99\l44긍غܙfi۸\.;cq!\\z\pZ\'\O\\\\2\6M\>{\\\\~}\\>\u충Xp\\Z\Z\\0}{}6,T\X#P̽\ӹlR9|+5x\\R^Kv3]e\\\\t\\\ܔ\22C\>w\~\\\)\wW1K\ \ AU3\05x\|\7f/a\\"\\'\\\Y\/1q\:\!\A\i\\\d\W\.S\\FAR\\\X\OK\^\;)\w5\kNNh\5m\\s^Hs\6Ej\\I@]-\{L6G\4\\~\\\R)8\?Kz\0\{/:\[g\\O\\W\rӦ!\YhcLqơRyݧntvR\#l^`.j\r._{Äѷ\l;$\\\S֞J9\\/0⯒a\\A~蚽O\W\CIKD2ܑ\-`_\\E\zys\\\\'s\j|x{P\$JVV\"\[Ԏ b\A:B\C\ZBhc\я&\5y\0yЦOvz\@@@@@@@@@@@@@@@@@@@@@@@@@@@@@@@@@@@@@@@@@@@@@@@@@@@@@@@@@@@@@@@@@@@@@@@@A\','Swap your afternoon cuppa for pineapple chunks'),(3,3,'a mercantile establishment for the retail sale of goods or services',1,_binary '\\\0JFIF\0\0\0\0\0\0\\0\0		\n\n	\r\r\r \"\" $(4,$&1\'-=-157:::#+?D?8C49:7\n\n\n\r\r\Z\Z7%%77777777777777777777777777777777777777777777777777\0\0{\0\"\0\\0\0\0\0\0\0\0\0\0\0\0\0\0\0\\0>\0\0\0\0\0!1A\"Qa2Bq#\Rb\$Cr\\%34\\0\0\0\0\0\0\0\0\0\0\0\0\0\0\\02\0	\0\0\0\0\0\0\0!1Aa\"Q2Bq\#3\\RS\\0\0\0?\0\rMV#\\bI\0\eY|\'cz\\X_y\M\ ~\	\\c\,|8{Ǘ\Қ\nX*ɼ5\c]\n\A|؟\\\GM\\n\\b\}\AG0KQ8&D\r\\\"_\>\Z\\i\\\ܰ\\"\qH%\'L\rі#\@ů\na\ohOE\0\0\남hJh\02?\X\\9>X\v=kfH0;\\\E[[f\a\\'1;\rHO^\a\\DIS,{6\\\\\F51P\q(\,t닀\ۆi2:Xi5[m\n6jơo>V\"ZC+I)\«\`ʮJ\&3o\\mr8\1j:W/U.\P\A\QSd\\C\E\\\o!\ugs\Z\S^3\\B7iZWP\n<\=\\\Zenm5<^\PQHyK=G\\y\\*\'\$2)xDu\n 4o6\r1\M$2+\\M\b{ܤ6ĂH#\0\~}\4\\mE\\~|(x\b.\rV\UwJ5=Cl\\R=,\\t6`W[䏐É\\\\\B-\\?\;\@7	aST\5q\\\Z\8/\\\.v\l2t=\T\0\PT#\\\,2\\d\W\z`zM7s`y\Ƈ&\s\nֺ\w\Pn\|0k\eoD#\\\_WsVA}\l\-;\\)7\o\\\\ZVj\\Ʃ\b\\4\h\\y\e,9{RDCه-\\·#}\!O\btԳUʱBQǚA<&	\"\ѥ٤\A(1֛%P\"e0S\\MS+K;v7,ܓX\8\>X.Vu\\5JhD~M-\,O\\i\vFƲB5!._ 3/\E]TS\K$P\\ce:\\\z\\>a\r-H\\0VM\\\-\\stJY$%cVbͅ\\;ypMaVFRTV#I\\u`\Inus\]\zpw+F4\n#y\\$Q\q`~G\Z4jx*ċ^\\RB\\,\<__?\:\4OU2\\l>\jgCC\\\ڔoJ*\Go\\\rr\n\\`wx\"2:˨s\\TRO$\ZǨ\qw\\"+[\\\'{`\ƨU\Rha\"\\\\p~\nB\Qv\"˿\njU_\A \0pK\۞\'15U:\f0\\\F2\'\Yl[\r\j9\\s\\[\\K\\ns!\\ҿ\!_\\Īd\\]j\\` \\>\Z)$N\Wx\o\R\\bC)\\O\\\\Q/\\}\`{\)xrF\"\_Jwk[lM\̝	X\7\\\08Y,Y8]\=:rg<A]>\\\AV\E\\?\\W}3U>[G*I^\t\SN\	\\0ŹO]_@e\$\@$2F#k\\\\~o,WWsF\$s{~=]GH#3\a\\Á׮\z/S|N0t\ 쒦Lr\1BI\d#FP[Xoz\\o<[Ou!OEM4\\n\\d\4x|&\k|\f\\\n\\\0#\"\'Q\{X\r)\;Q\\_,@-\4\O#+\\ێiWzJY\\hcM\\F\RM:t\H#\aWSKK.\Zޗ\Ak\^\QUHC9FjZ\	7\F\\\|9Q\h\Q\Y w\kBzo\7榢ߑl\4\$Ts\!1\b|zF\\A西Bqe\0&:\2\k&\\k V\'M,Gm{u\(\43ι^Ik\\#\\\c \zBZh\2\k\\3XY\W\n0\k\\U+3\{\\l&\6\n*b*b Cf6\53\U$\nl\J\\3[Ĥ\\-\\-;G]\}0)\rx\\4$~퍁\'N<=+N\G\\K&\XXs׽\,1 t\\}V\\0\\p@\k:\\I\\!\n\\( t\ks,Uy\镀 \\1pGqE\'jr\\4#wK553ȉoz\넗u\|\]l&\\"܏r}o+z\CTX`{;oY\Mf[5_\fEcV\ʑ\\G\/mkDs\\d/n\LKHEfы\\\\Ί@H\uX[蠃\jMS@8UBe\0s\\0l\n\\,3N\Ԫ\E:,b\/nz>@\\t\0\r\ٕMK\\V6\onG\y\\{4y5\c\ԃfe32/h``\\Z\!{\\d(C,\\Ht\ߍ\\\\\\M\_\hs\\]\ʆB/~,\0\4/\3	,\om#q\3\\\2[ވd2\'۩\7\N|\^a&ycEg\	^\[v6\0$ﾟ\nJ\;.w\:\|*\\R>\\n\ũ-l\S!\2\\\Jп^\Z[s\)\'Vjs~\%gd\+j\iW\'ot\\nr>\\]qpRG\a\%\\\]	\7\ӡ\Y]T\\yF\\\+\rB:\YI#ϺG\*)jYi\y6sTX\\\c\\|\RHhXlnO\z\\\r\+M/r-jx\#y\[1\-oH\Ԫ\r39c-,\?n\u.f$X\eT%:\G3I*jiR\$6:G::J\0H4U\rs\\\\\G\,b\Z`z/|lRYq\ud\2IjcA4+1\jC\\<3γ\'XJ2kg\"\GK<\\\\\n i#4\,\%M:OM\\y\r\̳Z^~\0} \\ۯ\^[MadZ4Ew%Q\%kk؃\=m$MmZiN0[jٷ\\h3\8\߼h\o\0.~]8$y\\G\\'\\n!c\s/,E9GEg8g\n\&TU\ݥ^`5\	ܒO\UQQ\Ow\\r&~/Q\\\o\3?r\|v\\Q`;\)\V(\\	A[K2\)\\T:\0%\\c\Tm\3}_\\\\\[\A4f7it&\0~vlҶV\fT?܎5C\0\oe\K_v\ݦ\VvL\>:X\\2v\\")\01`\dakzm\\\Z\n\\.\ZlގI:+\com\G\0\\\3c\r//\'\7\F~\\0ݣ\	t_f!9#\+\n\\0@ΐ.\0w&F\}\\\Ƃh:Yl\ow{\|\b/>O**2\\jB\8ٯ\q\\/Elg-p#{Kf97b`cskyc\n\#C*%:i)Cc~}~\Sټ>d\'l^\\j\b1\fy\3\$J-\%\'7\	WɜMD E	v\4\\/qyIo\ܟ-$˗70`\RRE\r\:\\p\\2ҟjdVIX\\@\[GL<\ϡ,Q᯻\\)zx\)hW\Xw1E>ꥂ\a\l;\Q\1SR\dCedU\rN\\\\\0\WV%V\o\^F[aa\<\J\%*I\Z}3,\']e;\\~+\\1\\\r\\:\"X\rM5jN\@TwipAk\FE\\\r3e*OD\BD<\-n/u\p/ZF\"(\l6c\{q\\l-cE$&/հQ͸۝wǑh}]\\\浵^\θYs)mSR\ \\\_VI%Y\\\V\h [DJ#\5\\Uv\\i\\xbe\5\Ա\N\\ZF2M#Wgc\\'\\p\Ry2h\/\\aɒ5Q&=\\˘ȭ\"\S\\J\\s\Zx̓Ӿ6\n*\ǣD?i)][GmAWMT\AR\\^մ܃\\ΕH\@\*\5\fj\|\h*((%Ψ$]\q\G턹\ϕK,\n\XOxGAA*@٭s\\\jz\r2Y#\\l,\T\\\}ڌ\-&\\@\\L\؋61\yp5NTڈm4\\}A)\\0JZ*ٜ\.\ZG\oac\\^آ*\Yh#Wxb΃ei7\\ߜJQvT2.1\4RS\\\jZ\7D(\\\\\;)\\+r\ՕQ\\0;a^Y\?fj:7	,\r\\u\\\\}j\ɰBI\\\ߖu\]\|~\J58\\d}kQg\V( \ i$\v\~w\\j\Fs\>^ͷ>C\d\a.3C!4\\]$X\\\6Md%@.ˤ\9\\sQ\\\\\x\\f~N\ZZ֙h]\\s\\:كU{+\\/\v\b\*3ʊZ@hclv\"\-˨s\\3YB\+e]u96Ӱ\0_qLg[\\Kf2<1D\\cvm\5\\\D\\\ZHӶ\Vb\C\ncde<Tt͘TSimRe\Ĳl\<\Vl\I\PwԷ$nIw\ACX\t\\#\IQ\\r\\_m}fuACS읖\\&tskzbі=\4\3لYa1\%q^j*\r\:v\Js.Җ9J}KI7m\"o\\\r߽~a4u\\nG\q\@`\\\0yb\"\-Cigo*h!(SHmK\c\3\PN\~}1e(5r4⹵O\a\\Zd\W\\&\\\vۭ\\0\0-\6}4z]\ȿ\\\4O(g`:ǽ\'Z\\km\idf0\"\}\\3\1 .\\\\P,i3uq*\\Cp\j	aq\\\\l\O^`Ib\bZ0Fն32\\\;S#A\rKŏr\n3|kc;\\8\@R6\"\$\\\\\\\NѨjJ\\+fY Y⯦pVNl1ot\	U\\*\\s-a\ǔU]\\\0\N\(6<\*rL\OU\\R\v5 \L|\LLC.\_ٿ\|~Fo1\\eWն1ky1]6cڌ6Jz\hǽ\rO\yno\%Zn\\H\E?,2\Zf\r~GhɆTݣVLQp\KQt}ʊmɪ\l\M%\c\L\Am\no\}#<h\\\\0c\e^C\SZz\@:\Zu-tRG_C\c$4\U\:eG\*-!\n\0\\},1,-γ\n4H\e\*\'b~~\\9,f3\\r`ұ$\\\X\Qdgm֢=(4\e%\\"6i\Z\;rm\<7\\\\ \@|ϖ\'NN!Qh\죎 G;A؝c,\E;$>\\\+2t!͎}\\"I \A\'ԃVFK\-&jМg3{܃\\\\S$\QJnly\\\0SC\'ӻ-\\\#PUX\bO\\H5%\ef\xz\\\Y\X6\01\\`b$=q\\\;x\no-hu\,qHh\v?\nt\CH\?\\/,\\\\{\LhԨ\v\\\\\\\KRpH\\\2H\\-\0\Ǯ+x\9gGSxI\\\\0*mo~\\0\\nUSʫ4mQ\\\6\+;-_\|\r\0M\b\\\\@+!P5\y\ksKUT5WʰU\,\}o\*\Ƣɮ\a9b\2F\R$\;%\\\A]9Vt?\\n\\ɺ\\\UP\e\M;D\\<Ǧv\\5\Z[\\a\:\~\f\\Zi\\)$\a8m9b\їô\-\\G:H@c\׎\\G\5\NF;JPUd\\\\','His father opened a small grocery store'),(4,3,'keep or lay aside for future use',4,NULL,'I couldn\'t store all the books in the attic so I sold some'),(5,4,'nocturnal mouselike mammal with forelimbs modified to form membranous wings and anatomical adaptations for echolocation by which they navigate',1,_binary '\\\0JFIF\0\0\0\0\0\0\\0\0		\n\n	\r\r\r \"\" $(4,$&1\'-=-157:::#+?D?8C49:7\n\n\n\r\r\Z\Z7%%77777777777777777777777777777777777777777777777777\0\0~\0\"\0\\0\0\0\0\0\0\0\0\0\0\0\0\0\0\\0@\0\0\0\0\0!1\"AQaq#2BR\\\$r\3b%CSc\\\0\0\0\0\0\0\0\0\0\0\0\0\0\0\\0#\0\0\0\0\0\0\0\0\0\0!1\"Aa#2Q\\0\0\0?\0kkh\dm\Ȧ6{O\\-Ԉ\q|\\'\F6\;p\03X\r\m2%#;=酥̗%ܣ4+!q}\ir$\;Sd~\T@K=iX\b\ c_=OߝVkƉ}[P\\\u\\@\\\\gaP\\\\\\\@yK@#\0\0?Z]\\\\NmZDwjz\8\VYbw\\"F\\(\e=\e*\;ȐG*\"*Z\0)p\\	\\⊇K~YV?\\л)^jьUɥNHİ1UZ\ڊ\d#n]\\\x\-\\Jbq\LIñ\fT\@:֖\\\]I}\l\\Ïβ\\iXjB\\nc\\#Ԍ01\\qƤ<KcX\{(v\\"*pH\=MQ\"\\B\\\Cyuߝ\Q\Á\ Qm=\a%\T΄\\I,r}\R\@\\'\')\\jǑ\\"\\k\\3.p.N9K%+x\~ڑO\=Dm\]Dh\k\\\;\v:\ZE$Mi0+5Lo\Hx\45\0k\\,<s\{J`\m=E<e\tq\\Gx)\ )\-!D	\`K@	\\nu	\-V\\Bpk֫\Z0(oo?~1P\HB׷\8WEh4Ҭjp1\dʄ\U\\vv4kQC;\\])2\yy\\pEaq\	\y\\c\lrx\$$\&\=\RLZܮ\Y\R<\	\\\'mswqB/UO\h;AZ\$\!o\3r:\Z\\\]\:\mP\1\\#ڌ\V\\'^CۼR\\';w|\\zޟ#ֹ|\\>|Pqvf\\\s3cy|\U|\֑\*\7q\j$yR\O\\O\nŦ\\60>\2{*\;E;D\\\>`/&\\3K)h\\Ua<	\\\OJ,\B[\\~\5\\\;\qz\3\Z^\\\\nG,2u\MK5 GlHi_y\?\\\\ww\n\xq[\\Ul|\\\\\ZV r}ik\\ZYn%gS+\_NqY\\f\tW\&c\N?&)\\*g{ j\\D\\\\{\{C=~\s50n\c4\I\\\# \f\'QKA#\\Z96pY:ϖz|)oknV\V`\p\0q\*|l4XRI]u\\\0zyzS5b+\\\^s\\Vt\Q\n\|\\\\Rb\a\gi\\鷶\f\\LyC\kFH;\_\^dA\Z\'\G\\[\kKh\\\q\y*\Z {	7\d8\Xy\\Xvz{vP:\\40\\nRC0\\HQ\OZ\=Ę\Ml,ȧ=j6\x/$S&ܑ\\\Xhu>\j~[+򨦁S\ҙ0\\'#\\"+W\0l繍.Dۜm\\\tR\\It\\]ɞ\?:uٮ\i6[fVrZn?\~y\jDP*\U\Mŵas?\_XK\Ȣ>?~߻UQUTp\0(gUbˑ&Iɔ<|\:\cF\\44Γx?Υ	\\М|\Ŧ\\!\n\B\1\\\Q\ ux]\y\\\V.z\\\wMO֘lg\~?\\\g.ʸ\b)c{\LI><ӟ\\?\9g\\.\\)>t%(\\\897b\;3`d.\\\0\ZL\(}1\X\mjݢ\\\vryt\\):M,\1\+!\F	`\'\\|ZfJ	\\\\3Q*\ʓ\\.0O?\֎67j=\s\\1\\r\@ėsy	s\Xd}k]\VmR\5~=@ǶCZb\ԩo^mR_EƝO\Ҝ|\*۶e߄\\ޞ\\v\\\EYZ_V\h\3E\U\@\^F}e@\\m,E#Ig$K\\\na8$ֵ$[\)ej6 i)\\0>\\ZvWO\\\\^C^Ҕ\\۝bV\ǋ[\\R\\\8m7\\\\6?m9rpOi짳\\\q\}P\yЏZh]a(QR5TQ¤P\\ו\\\n\6>ӎ#j}٨\\u\;ɪy9^&I;i\{nn-\'~l>\bȠah\\\y\r>}*\0Mr\Z1a\H1ZZG+\&\\ғXfEx\}\\<m\Q\+\Z\vS\)\	\ ^.՗\i\yYL?n[fG`Lf;IsUa9p=+W]	\p\0\ZT\\Y\Eʶ\\H\(_I\=\r\s\\*)\ǰ\Zg#yrB\\\00A\\FMr\v\\lE\A\H\\0uЍ+:+TDBe*dxu\\\⶝	CleNy\Ϗ\4\;\\ry\\M-u\rKG\ۃ}\b\\8\gh\[F\\\چTĿh\\\0YA 5Q\&t(Vv$cO\|?Yr*M@%\S[\r:\\\\\V\A\#Ѓғ8\\01,>\鬤\\T\d\ԿHo\\\\g\\L\9l\Z&,\\Yg\Z\nx\}Ef\F\\||$UփT^\5y1Y5\\rF$Ck\ˋ\\:\\\O\ҷs#)?v\x\\\ҫ\)Jm|LOruxۀ\3|?z\̰!0]`\0gR\m{9g\\$\\\MOs\rH\qҽ8ZPѦ\X.\IC\O3#Ix\|\aa\\G^@\!A\c\=m;;&\\޾Q_J\\T\\F1R9Ϩ\\\mB\\\O8}\\ZI\\IU\\"\_La\{\\1XI)\w<c=}\\hD\5儲wSjPͼӭ˰/\W<ԇ\p֦XH\l\q\1\\\"qn\*\KNP\\oNivv\p\Uln\\0u\\Rf|eH\M։(г13\ \n3C	&\T\qQ\\\2At\ϥ^Of\OQY5#!6\\kU\r\\9Wq⮚{\ZKBflT\<B,M]a\ݓV6~\P\k\	j\+|AER\n\\\j\0f\rT\?:\kE\\0\b7\\\\-co5\\@.dyv\r\:u\ほ\,ʋ<	I~ʓE7\ua-PeWX?\\\Z\\23.#ʹe\\\r\\A9\<\0V\Ip4\r\`	Q\X\\M;=<+{\.biTSwg!֊\iq7ڦí\0\5\;\.n$r\iS\\Rй%\+/\\\;\\8`M|\_fGDTrp:\\\+\WV\6[]&\\0\\#J.;-\Z\=M	\,\\s\LP\$;2\\\~\|\a\0\s~TRY\\ܥpO\jѵ\<\ٳς[=0A^p\l9;Hϱ\ybXaV\4}1\\\j\E;Iuݰ \' ~u\\ӻ(\au`{wtF8#5,$Ұ6^ɗ߆iS@X\\8iN(vA=tG\N9݄\µ(\[\Q\\\h\)<U\ኄ@dQq-Y1\\\\*\Fi}ء\^xM\*D\5k7,qP.jXȪMC,B\gH]Z\	3lg$\K#\}\\wqe\nk\t*r\z=\'}\ߐ\l\:$\Z$\^kNaرP\\yۘ\Vwej\\@nf:n\\\c/y\n6\\05\\_\!\P|\0:ջ*\[\Z\}ŵv[\HY-hJ=\zZQo/u*=S\BO\P;\t<\\<TW#5&*\\n\g\"\*\ro\\\\`\}p@qD\V\挈{\4\r\r\^\ռ.\LQ6\Cj#^\0\n\0\5\\Uъ究\\V\W\&U\\e\\;\]g\\3EE \ 7#\"\3Q\J\)\.v(hO#+LB-\\8,AH󮄬dTdr)&S\'\0\\0x=0Bٝ{:R8.1,\\uc\\T\'\Vf\\\z\.\\(\#T5ڑ\'v\\Z3IX\(ǐh\0ddcδ}\*¥G\','A bat died clinging to a live wire'),(6,4,'a club used for hitting a ball in various games',1,_binary '\\\0JFIF\0\0\0\0\0\0\\0\0\n\Z\Z\Z!.%+&8&+/1555\Z$;@;4?.451\Z4$!!14444114441444444444146444444444444444444444444441\0>\0\"\0\\0\0\0\0\0\0\0\0\0\0\0\0\0\0\\0D\0\0\0\0!1\"AQ2aqr\BRb\\\#3\sCSc\\\0\0\0\0\0\0\0\0\0\0\0\0\0\0\0\\0&\0\0\0\0\0\0\0\01!2A\"Qqa#\\0\0\0?\0`Yu`Ԁx5JZ\<^!Yt\0P*\.x\n/\Zh\TSXHAS\'(.6\\0\W@Y.\\>1)/ <8C[\\^i5M\\B`jUc\Z\\ĵ\\L-F$\Ji]x!\nAA/RӺkg\r\q\0UAKQ\^/v]%*2ƕhrV\֮ERmV\^\KZ\\\"\m%jY\]4\tE\gkd\\<\@\K(tr\\I$6\;Pl6\jI\\ ,m\I\\\*\>ءW(\R\$\\Z\lmbWT\=6RG<\0w\\nd\и$OEj\\F`\3(u\`A۸{\Xha寂ȷYzuZ\]\95b-o\[\ŁC8}\\\vf\r\P\l>\.\\z%=M\r˞]\w\rV͵tp>+5-	Vz([M\Zz\c\\^\n\wT\)U]d\0BP/.\\&bS\0鼢\!\\\\U,\3&#XFlsw\\\X\\[yȓq63\qY\e\\|@7j\\QQ)g#͵\t6+T\g5\\\l\\]t-\rU\\0Y\\r\,d\\\\9\{\ρT\u\a[2\l٘bጢs/\O-R\\\4ig~\u#t\^\p Lt<\a\6\\\3N\'1\Z\0\0f\\?\\{6Ļ\\n\S|N5ӪGсji\>K~E=\KN.aFeQW&	FpP4v6~W\nR\.J0T\\ƻ X\}`\\\aEΧfm\n\Z\'m\ϽNޣGe\\S\\I~1\A\QU\Q\\ͷ\O\LqJcY\,\BC>i\Waqڳ~\\̎\\\#\\nݧXW\,y\(p,GTtֻ[}O֎b\P|,\\\lc\𘊢C\`\ps\pd\v	Oc\$j%,=&fe3Q\\0 0G)\=\}#g\\\c\\=\:o=gK\gQأ`2)Gi-ʤ\\e\\KbQܱ K5\L>6¨\K{LN\\Rfٺ~\\m]t`Xt\O1B`\헇V>aZ\ys1ܟ X]E\\r\0\7\\)8ǖ\T&\'\\\\nWX\\Z\0Hv\0j\\\#R1\n<Mo_\hlF5͆o6\	%:} \\\\&)(\\Z\DXز\Z\\w\\vw\gV,v\rY\س\'+\pw\ld\/y\\=V\\\\tkK~>|g\/n\'\ϕ\9{.M9%;=\"\\x\hc*v\0r/U	\pV_)\0\rU}Wk{\\E*mct´$L\\u\\0͡;O(x&$\«f\r\C\\ZYr\ee\0\$\F\\\a6(﮶\"`(\0\Ga\5m\Lp\'B3&\#J\\j\ahQ\ð	\r>~\<x[LF\i\\64pXN\k\.|\d[|!(*8r#\B\\ax\\0t\6]\nO\\fȜkVki\ۂ\{\[\0r\ƈ$\EU\E\8\\0Qm6T\A\ \HyY|;r6\'\\4^ר\N*FV1\\%\\r\\`s\:qO{$\f[\\\r\:u\V	F8M\EA\%\\w\\\0\'8M\02۠A[En\فj\@I-1f;q\\!\\\r\Ɇ\\Wr\C]\rK\O3\\Z\";?\YO\\]β\'\rt+\\\T\0I!\\\E\_,!!҅v9\"\f\\1q%`)\{t.\~)\\Oj\5R\\\\E<Q棄~j<\\BױF\Q9\t\Nul\C\\y<]\%\u,\0\\\4=JXniA9\5wh\+r\\\\8̅\CC^\\r4\g0=\\r1xp:eh2զ=\0\Z\Kv\5\=\Z\!㦽\\JXia#$N\\\\\\<\K\n9F\\q<-=\@\\\3\\sDdwn\\Ŗ/\\\O{&{\\\\\YZ`\w\}]\8c\)\RZ\4G\"S,3\"Ic\+l\u4\r`9f ىSIaKH\W\y#\u\DN\"Y\N=\+[\YaEBx\)^\\\\U\8GIRÝ\\Q\\Z\;`D\l٬\\e\\Z\XƗ9\91;N\\a!\9^\3\͖	-}zl |M\$՜9zdf&H#u/(\0I.\Akv@K\5\HikBq[\F\hKj\̍\Z Lc~lIqc\M\=\'C\\\6c\{\5 {@Iӕ:/.p\n\G\Ke털\\7\\{г\\EC\,\f(3\Y\\\$Y38ne,?1\	ml~s\==KA6T\\\\A\Tab\"\ꈠ,\"\0H	D0B(]!\'7(\Á1jL\K4_sZmw\R\\\w\}\ơD\0\{O\Hz\3wͤP\r\}]ڕ2<@\'#\\\%\h |\\nq\\\U/D\ioyD\\\\ٽA<\<UQ\{X\\k`=Alx[IRE\ \k\Bw\s\0ˤ&\s3Se\\4ٌ\j\3cd\Hh\ \n\G^$\cD\\N*3\v\q\|S\)4\N\\V\\\Df\1o\Z:{CH\0EmetZ[\tO#\\fu?x\ne\\f~\.z{&\ڧuUIv)1Џ\8%a\\.a\\̱J\\^ڸl[9i pXL8r\'\}\'d\׺\)<\;	\Hcގ\3\\Y\\\\\{h\d1N\9\Z\0\\\y4ͣ7\\rRh\"\y\\\a[Q\D\?DF\&[\gs\A|\(\\\\?-\\u\Y`M\DxN\\h\$\5vg\`rA\-\5&XǊt@\-8xJucy2;Oj\]}\\\?dZ{WЛ`nV\\0|\f8\nĸKZ\\ˠ\\n\[\\oضB^?|\\&w\FuKŉ-\N0cs\Mn\wSؤ\\Z\1v*ME\t֘gw\"\\h\JvʞF\q\\SõYpV\0ep5\i\)\xl\\Zȴ\w\SD5Ed:D\\\>2c\F\\\dӿXۓ\`L1wgܝR~ֳY\z\\z\o\[j\\\\\;\0=K@/#\Tw\@7\r,\\T\\I\+lyYW\\Ά\\\pV\&\\]Ҧ\lq\\qM7\a\Ct\'8N\)>n\\r\\F\OAǪiS\H\)1ypO2\&T\;EȆ+[Zt\Z?\\wJvN\Qc8\\JiY\z \\\ؓf\\w\\_\\G\\wG{\\4\\s\kTo\{\\5\\r\-\\\\`\A$\W=V\lϙ\n\VEҒt\0\\\JIҳ[\\0)M>\\_7\\GU\rGa\\\W\Ư.5<nDgeLL]V\$+\n\X\V7y8\\\\ܦŃ\\Ge&\>=\\\\1\2Gw\\\~g$\\YnT\Y \\>kN\Si\-\=չA\\mT4olsUR[=\|\\ZƵmz\\|\0\SF7y.\oR\\\M7\f-`\kI\\)f.|}ʝ;6Zan_R\\]I,\\j\QbaX-.7먔8\	p\\n\$\}aY\\\\\*\@\\	~\|4~Q&\\<@\@	=i\\#$n|JY\0FΥ\0d\6\<V_m\W?\\lVFg\\?O%\\X\0\9Nz\\wu\\\	\5\\l!&\Yݥ\?\\'MHR\\V˫3\rq0߾%-]Z\.a\u7]	\#\r*j\S#1p\-H*2P\^\\<\2dM\w\\/Gߺ\\A[VVe\\\0ko\Ic4\Wm:\4\_YW\6zpn\\\y\G\\Zmo/\n}J\q8\E}#.Sؾv\\\"G\0Ifuf\S\s{\ؗƈ@\@\HV/K\0ʎ\\I\iG\\0*i\\fn#w\\(lw\>\ZZ\W\t-w\[}\\\cXT0]\\\eKuU̿\LhmZ\0I&\0\:\"\텆\S7_\S๲\RxХY\ԕ66\z\'ܯ\\~\0\z\q\1\\HR\\:\\=\'\cm\y+p\\\\`yJG\a<N&\8C{\\`8s\\\>n%!)Ò\7B\SmLNV\(U;:<A\\$\\\J\*1.s\'\;UXC\?Eеɹ\Z,w^$\#`\r	,oK\q녫\64f\j\-\JTa?\a\	\T\\TZY\\\.\x\+)0_A[\\\0<\⫖E{8\&h\\ئ\\$\\\y\r\\R:\\;\vGg\dqv\I\+e$\_\"\Z̥-7܃1Ȓt\\ƻ\P#\Hd/t>$\uw2-\4\xx-\eP\٣O\\9(x\L\\5Ɨ\Z\*4\	:Ǌ\\\\xT\ظw>\ZH\"C`F+0\c gp=>\\JkZ\`\co\c\\\0\\6YMk\\nPw|fo\0\0ӎ\2\\n<[|V\\}g3	s`\\0j\Z\\\C\5͖-:n=-\tY{\c}\]\\ѡBtC\"xCH\\RIx6,`\\#\P.\U\kyNr\iqØO0\'tw,+0/eZY厪\`\3bIxƜr5\\W\0\ \Nc\\r\/f@:5\K9\\?(\Og\~\0\_|BGZXX:\߂U*\r0\寂m\nF\\rO%x\\uZZJSy-{\\\H\`:P\\ۈ\`[3\Fr\\\\]%>\r6\\\k K@\\\\n!CZ9\UW\sM<\\wm\j)͑\	\k\\m\\\\gpQir=+\Z\h\[#?j\/TqԄZ\"\\Z\\[?!7M\\\\\j\X\\\0\\#\Y\|CpmJo9\!k tUta\$\"\,G\MWV\\|Tw}Sh\0N\\w\\i\\beJ#]xy<gt\ZgRx4\\ \\8V\`qoU[	H<gt \r^e\\0\\D\0\OF\Fb\|>˧:\\\׭G\\\ļO\ZT|?hp\ ez&o]vq\x\\$\}\'\\\Ʊ϶g0$\[ ğ$\-\-5Pu\\\gs\߄\\K\\\\O	B\}ė\~-{\쎹$q\\Zf햹\\\R\\\hp	\\O\J\ \~\䮴&?V[vO\оF#i\8J\Ӊ\\\\wY`\h\0gt\\47\\vX&=Z\n$:o\:jc=\\W7\!\\\\\\cZ\gL\ntS-s]&fZ)_F\ڔ^\qT*V\}p\P\\\\0b\7\-n\\\g\\g\1\"\\\\앪\slmm3\rD%\&3l7\N\v\\\Xā$[\\F<ltڙ\\U\l\\kixrCIaSi\	#a@p-\\])gFv\V^\DӒ,\\H\.\\SmN \\gXS`#\\\!x\j\4\%c\\:4$G\\wYG#\\\\\\KR9e$\\#=\\\Gx\0\f\[\jaƛ\"\{\W\\\'O-;\0\]\ta;\tT7 	<\\^Eh	߲(:I\F\Y#ה\wG\2\4\8Es\Mˠ;xb5܎/\&S?e\\jѮ\7Ζ\-k\E\9I41\\.=\ @\D\d[@-1nZp^\$I\5\'\\_sr\\0\0\Zm $\8\n\'\/4\\\\~j/|b{\H0\\tD	s[\\\@X4\0z\ۿ\H\lΗ\\'(&O\⮩L\\\47l\d\rBV/|\.DF\"$X\c1i\Ars$8\-\Ɏs\\\Z4hlp*\0: _Hb@\D\\\\n˅\V@:\1\9\PkZ\{za\'i$\>$< \9M\0޾\Y3dD\6\{Lq\OjZRr\\067f׾u콌d\\2\.cY8^[3I\Ϊ{rnP.\0e\O\\\^\n5)\\[w_\/k\ \Z^\T\e\0\Xi\l\\\.2\D\țk@7\:\1kqZ.cNٍ>j\.Fp`Gu\Ǘ\\\-̘\4\w\n]#\\\\<\','A Cricket bat has a narrow handle and a broad flat end for hitting'),(7,4,'wink briefly',4,NULL,'bat one\'s eyelids'),(8,5,'a framework of wood or metal that contains a glass windowpane and is built into a wall or roof to admit light or ai',1,_binary '\\\0JFIF\0,,\0\0\\07Exif\0\0II*\0\0\0\0\0\0\0\0\0\Z\0\0\0\0\0\0\0&#169 Svetlana Larina\\http://ns.adobe.com/xap/1.0/\0<?xpacket begin=\"﻿\" id=\"W5M0MpCehiHzreSzNTczkc9d\"?>\n<x:xmpmeta xmlns:x=\"adobe:ns:meta/\">\n	<rdf:RDF xmlns:rdf=\"http://www.w3.org/1999/02/22-rdf-syntax-ns#\">\n		<rdf:Description rdf:about=\"\" xmlns:photoshop=\"http://ns.adobe.com/photoshop/1.0/\" xmlns:Iptc4xmpCore=\"http://iptc.org/std/Iptc4xmpCore/1.0/xmlns/\"   xmlns:GettyImagesGIFT=\"http://xmp.gettyimages.com/gift/1.0/\" xmlns:dc=\"http://purl.org/dc/elements/1.1/\" xmlns:plus=\"http://ns.useplus.org/ldf/xmp/1.0/\"  xmlns:iptcExt=\"http://iptc.org/std/Iptc4xmpExt/2008-02-29/\" xmlns:xmpRights=\"http://ns.adobe.com/xap/1.0/rights/\" dc:Rights=\"&amp;#169 Svetlana Larina\" photoshop:Credit=\"Getty Images/iStockphoto\" GettyImagesGIFT:AssetID=\"92450205\" xmpRights:WebStatement=\"https://www.istockphoto.com/legal/license-agreement?utm_medium=organic&amp;utm_source=google&amp;utm_campaign=iptcurl\" >\n<dc:creator><rdf:Seq><rdf:li>Blair_witch</rdf:li></rdf:Seq></dc:creator><plus:Licensor><rdf:Seq><rdf:li rdf:parseType=\'Resource\'><plus:LicensorURL>https://www.istockphoto.com/photo/license-gm92450205-?utm_medium=organic&amp;utm_source=google&amp;utm_campaign=iptcurl</plus:LicensorURL></rdf:li></rdf:Seq></plus:Licensor>\n		</rdf:Description>\n	</rdf:RDF>\n</x:xmpmeta>\n<?xpacket end=\"w\"?>\n\\0dPhotoshop 3.0\08BIM\0\0\0\0\0GP\0Blair_witcht\0&#169 Svetlana Larinan\0Getty Images/iStockphoto\0\\0C\0\n\n\n\n\r\r#%$\"\"!&+7/&)4)!\"0A149;>>>%.DIC<H7=>;\\0C\n\r;(\"(;;;;;;;;;;;;;;;;;;;;;;;;;;;;;;;;;;;;;;;;;;;;;;;;;;\\0\d\0\\0\0\0\0\0\0\0\0\0\0\0\0\0\0\\0\0\0\0\0\0\0\0\0\0\0\0\\0\0\0\0\, BȖB$!B!B	B\0! !@\n(@!VR\0)iY5@!B$	B\r@!\0B\0 PI ,ʫ(\n\0  BDjB@$!@!D!%\0E	\0\"\0\0($	Ue\0\0P$4\"\\tl\0%@!$\nI! B 	\0	@\0!@%\0\0l@+c\\$	\0\"l8A\V!H[!\0 H@\0\0B$!.YUYB^ BB˶3Tb\Y- k8\\>\\\d\\\\\\{\ 㵜\0\\\4H]2gG\\$GYp\%\\\:76p\;׎Eqnᮯ\\}9ɝ\\\\V%\0, PwjnQQ\\g\tnd\b\ZǶ\w\\/FJ\M{%\ߒ<\4q\\1ou\m\z \\4\\j\\r\uͺ/\tj\\v㍊ѕ\n\T%\0u)\\\5\07\#k>S\v.y5\\\voN\~\rV\\Z:L3\\ߣ\A!QV/\\\\\%4q\\\m\<=[\\n~\t\\9\3\\p\\"%\\@\"\	ef\2uu[\ZBy\Z\\_=\\5k2\\\Ͼ\\o\}.v[Jc4\\\.7O\M\\m\\d\Sk\:\\\x:YR,-RB\nā	\\\5K6;:Sj\\y,sDz\O;\\x\+\\}m>\\f\h )by\^\\\މsu\w}_\\\=\]5n\\\\X#3!u<\Ó)e%TJ\0B\XD+d\.H]JGWK\)\)<\yX^fЉdUsz\\\:m\\\eby\|US\J\Q\f\eݙ.E\.<Ћӝ\\co蘄\r$RJ\H*͢%\\^uvm\s\9V\[euj8\r\;\\Z\\\K-ԉBJ\m\\G\\\x\V^\\'Y9]\;=vu`ja,\+\0VD\)1Ne͚]L\Eu3M\4y>s?1YXbEa\0/L\\$\Z_9_6W\\|\\>1iSoֵ\Z\y\'n$ӑ\\"\$\H\`H\'N\@.\\u\\Zmd\\Ϩ\\Zμ\}\Ztݱ|n\\T	QiL1yp\U\\\%\2\n\͊\\:\p\\\dnp>YotL%IX!:AVn]Vu3/[&\\\4\V˭\\{\z\:\/^G\\uBҜټW96\\\\nͨ\Tk4\ܾ[@ey;N~d\\4\2xU\"\0B	J\7	).5\j\7Mf\K\\\e\#Y]\\g\f\\E9+\\uy3\\fqV]k\\zw,e\\nŵ\(e1\D\0$j\%dP]%\f\\+Dli\3\7G+p\\\~ZO/L[6[*-\\h\r2r\\zJ*\\\Fw2\i۝\r:e\"\%iJ\aB\R@*Έr\Vf\6\\\;拫\\ˬ\;>M\\V/կ\$!QinLL\uf%\re\Ή[\\K\\N\/L\\Zm8\ILE*\0	`WD HX\VHY\k\26\\\i	\d6SyԼ\E7m\!\nK\\g\\\.篎g|\\l]zn\\\Lx\r드Γө\bK ^@6 HJ\:E˲qڶm\O\I3\P5|w[fb\f\\\\뫖RB\\\t54cV˩\e\E\z\寞\We\\\\uqX8\Id.El@!:%AVt*ceY--\n\\x\:jcvM\5kK\\\\\HB\O<9V\\}\\U1^\ZWb\\y:v\|\TE<\6f$\"\%销A\"	Z\*%EKx\4.H\&}\\"vK\dVQ@Y]]\\\$	Qh3y2\_9jο\r9|\\y6k\\\G\׫L\V\L[B\) TA!:%A6t&]|g|k\r/\\v\k-\Z#>8\/j\\HZ\˷\\\\=\\kox\\9\z^NFLӋ\s\)rIx]d \"\JB\'ZĨ&ΈD˶\;5s\2\ʘ\xg˲7fZi[	aZZ]~\!\r\'7&\\\\j\x\\z4͌\\\\^M\;Ve\\7\s9KvmV\\eET\\0@$,\":Ւ%W=*\Z\P\V\Dr|9t^\:ͨ4d%\v2[%.g?3\\t\\\\\a5\z\.i\i\\}\\z{\\^L[9xӍ\qR+|8\0:!@j\N\QjstD\e\\/әT\-\kU[3LtA	3\'[5\~wnn\9}\\m\\\1\\\\\3\ry\u\Lee0V/Ld tNcB\,9\fmܹp|fkX:\V\z\irܢB\z\u1\+\7x\:\\\\FU\"M~\\_\8h\\]h\rn_9W\XeKh̗a\0@#Bu$M\0zku\,\Em4\n\\yO=\\{}D\$P\\\\\bX\np:b\z\Z\\[Zwx\b{D\\\\\\::\\\\\\\\sX:UBiIYLT\,	X\\GLb獕8\k𛻗,y+?8\\\\\:50o*\5 \\{}&KqV9h<f\\\'ѮGNU\oy7᧫\ϣ\8\sZ\g;\u\\\^\"\0 ؁	u\$M\",\\\Ѷ\kWr\˓\\9\%\;3\'\\R\v*;\\5ۖ\&\\NWw\\N\"\ۚ<v\\#\'f\;t\"su]g\sƓbKh\\@N\dEYӕ˔\+\Ӷ\re\\_Kó6\\\b=\u\\Yx:^\]5WRv\ڸ\n\_G=>}$\s\\9\wV\\\[d\s=\XΆ[\p\TIH\U\` \rB\'gLy*Τ\\\\\',iݼ2ݫ\fٌ\OCk8\vI[)\\MA^K\.g4Ϋ[9\]nN\eRv\\N\?\֞)8:\Ҙfj\9\\0Dl NΙ2]I\\M,cU\\\e\kf\rm\bu-?T42\S? \Ws\\6\[|\7c\OA\S\Ѭժ̱e0\\\s@`@\fe4:r\[-\\\\\ys^\\ne{1t&\\s^fDz\-T	\nؾL\rl\<nљ\&\-wx\=,\;\֯^Ms$\KF֍i(Å+(f\s\0 NΙ2]I^!E5r\\guK\ryE^5\\t\9O\\b	T\\\0WB̵O=i\\\w0\M\\-\0Abq51eu_\Z_L\@`vS@.\k\:ڶ\عO\o¸*\\d\15M?:\\sz\lTd\\\\\#,=e\k\\8\n\0Dc\עp;i\*\\\h8\g\0$ N֙2UIt.sP9}\r?$v|\Mʺ8\ڑJJ\]r\@2\\\tӅ9\/\Z\k|\\ґԮ\Ez3f2\[-nŖT?L\\0@ 	\\$J*άփ9\\Z8wK2rHdتuuzGH+f8\򊠝Ky\\-\L\nkK\\\vQ˻EӝX\\jz\\0 ֙\"XYԗB\Uun\4j\^+\if\]zSE\S\9L\Z\0R\Q\唄Ӛ\Wm\xzK\\ݻtuwyS5&\\\\0gk&n\\\#sÀ@`5\"\oL,:Z\\'\\:\\e5\T\*CY\\-JY./,\sU\Ǭ\\^龷\\o\\\\\#\\\w\\X\{\7m,ϊ\\\0iN\dUEY֚\ \e\~\"\i9\o#(\ݛ]戛@v[r\zr\@K1G\rX\ժQF\\\NǤEp3zw#zb$͛\\f|Z\Ϝ\0\A5ܬq,:\T\Z\s;Kd\\ns\cYn+fɪ\VQ[\\ztHP]\w~~\\]\nYnu{m\\w\\\\L9ޣM\\\\r\\\|\T \	F;ceEYך\g5	\\h\\k\\ǀ\v+\C&v\k;\\-EZR\py\\]ZAo]a\8%\Wg\ہ\\:\\c\\\\ӫߖN\éӷN7\џvϚ\0 \5\\\5A\\z-\M\	\.Z\\)\5\-Pk\\jtz\ʚa\\\ch\\zZ\&\\\\6\fi|\>{\9\_xj\gG<ö|\T%\\8T]y\"\r&.sUFm\p>v\sRڙYdF\\\	PJ4\q\\\7r\\j\׉\\\ߖV}<둒4ˉ\\5]ެNw\rl\|l\0$\Zv\K(R\\ց&\W5[\\\7\u\\Γ\2KTMg\ˎ\0\d9\_=͚zk\r\Y7lΟ~\<\\(\tM*/\\0H$\ceJYؚ\$\c\{T1f\}\p͗Y\՗7ZFU\+C){3ǚ\\\|k\N_E3\\\Z\\\}rSy\7L^C.\\\\]b\n\"W\y\\0\0J!WbAl\\i<fXP\Y\\\\\\qr͸q\ZjJ65ק\*\nٚ<\"\\\\,م\2	Q\\9\5eטg8|׫\Un\\c*N\<\\0\0/4K\\85TBǎ\\X\5rr\j41Ynd\\F\\]2\o-,f\y\/k6\\t\\\\b+m\\\o^\aͲzk[ՒM\jU.|+\y\+@\0!x,X5֬Qj.Ί\\0ѱ\\2S\n|%\0	4JKC)Kkť\0!))\\CFJJM\E\\\f>j2^I\^\\\:Ϧ҆yu\n\\\[|\UP%-U%\r\!B\0 K.\Ze\0\0.\\j\n%J#4c1zl\\\\\S&ɭ\Ftw*%j,X\kR\0ep\yB\\ax!.H@TQ(P*JCG-\Zy>O52\\\\>u3f\\#6+z灛QHVb\\\nj\D\hcj$	`\\\01l\0)PJ\n@@\F>8*c\\Z\\ҵL\a2-=s\\YX*ZB]n^))E\!U0H Z\0t\0H\0RH\"$Xe}O\K+uVh^\nYn\Fcc]Td@[\\	b\֤DA@( B4[\K !\a6V QE1\3\o\\l-RX!*ι\P \$* !J$JĄS\"5,\nYd\"\\0*B\H\0\0J \0,\0`bBB!B! HB B!!\0B\0\0\0B!p$	 ԉP!B$ HB HB!\0B@@ \0 \0B?\\00\0\0\0\0\0123!\" #04ABC$@DPp\\0\0Ns333333333333\\zY\\3333333333333333333?\\\\0\\"\\0\=?\ۯ\^\\\\\f+u\=x3332\eo\̾|Σ-cfff~\\s\\ffffg\7_\_\\fA;V0]\6\Zka\\5v\j}Xﵡ\[\q6Qj\\\.+ɮXZB\\i`\8\0?K\\\n\sg:?7\4\`6\G3/E\]u&\ΥTRf\\JG4\\OYX\\d;\9ƎZT.VR\\\9\:^.km \\`8\\9 v\n=v\EXG`[[\\\M`(\ʴi`i\\\U\n\\\G\\\Z\Tb\}w>\M6\GS\s֊8\\0\Z5=\4u5\'lQ$>l\J\>tʩ/U\w>\9O]gP=X\s\e\0u\z\\y\s3\V3]Ez\\92\4kerj \Zzl\\\ơU\\\\BJEt\w23}A&\"\\\Eke\Z\r\˕ępƊ\+,\x[맂Y\\,M\b\\i\\A5QEw\XE\'Ucr\Lm6T\\5\\f7\5rゥN!|˭\L,ت\o\\\\\\\\\\\C+h\\\\\e\0wp3Oͦ8\\'\n~\G\.\%\\\/*\rsǱ6V\ZZs(\\\n\TW\\0<\\9X\nobvX\\T]u\kM\\0P\l#!L\eV\t0x\\z\Yo\\\\\\\m7\t8U\\[zZ\n]\\Uv\)橻\	S);Mt΁Aۦ\m/R!]\Oq\\m\N26\0\)\s0;\է:\>J=Ow?%^\\z\\\6\]\Z|\a\ś\\\\*#\+`\\)3\n+=-M-Ũ\ 2cR@Ӗ\)\\rfjDv+Tي.\5=+K\\\롋⧩\\\\'\\\]4N\\~\O\p\4\0Y\T8\jfL\v\0k\n\Tv\\\B.KVk\\ڀ̓\\1⧩\\\\'\\\]4N\\8\Z|f`\\R\!At&\Z\kmWz\sziR\gz\Vmny\0Yec2\r\\ݼr\0Fgu\\C\GswqNy?%^\\f}ͥ\h5\ҟ׶ǫ\WZoJ\\hUĊwsb\O&ʈ_sg\j\x>c=?-R\Y\=\۷G\Gs\qNy?%^\\f}ͥQe=\\}\(\[\g{ersS\aX\\$AX/f\R#X\\\?bX@\\\n\\\\KL\f\0鴐6~>\m\(*;u\*\7w4t>m7\\<۔=q\S\\c.=AѥR5\\\1\r\$\hG\\P\\\Aـb̀A\\cv\0UިW}\\f\\S\\\SO\W\\|bi\\W\wFɁN\0\\Prn>+徶\i\\q{5g*\{9l\Ҥ7mHBφ\yY\\\\"\n)\\0\'\\\\v\\\vq)9u\_\0ӹ\2M\\^>YjvڤbaKbz;+n\ka\\\]BɴsM\xm\X*{߿u\U\n\i;j\\7T\,8+\e_~\}:p\#Iˆ`Y\\/+;Ʉ^Raڽ+ᖕNϗ\G\\'I	\\M\B\\\\'\\\\\v\\o0cz\?\\p0\o,\	ǯoA\C@8V~\?\\rP,~	XmdhzIż\SYIOYn\[u1<uy,\qN\0\W\M\BK\\`O\׿J\r\YS= \=Վ3N\\\G8OBwf\4\\\_BY\\!r`\'UeԲ\0߆\8\0\5\\?\D\\\\\:\;\0%^\\f\\y}d\/ʼ*\\\\83\\\x\0m\/j\A>[\r\z\w,H\Y\\\k\x\\Y\\u\0wp3I\_O\\\U\ bȟH\\̄ U\ \݈\z\\\\\\?Lq\V\\,ݚ\^EVr\x\}4,?`\سy&\4\W\/\\xNڧtl\\~\\\\˴ݔUcf-g\\oc\A\\o=?\_\\rc%\k`eZm%\i?\\9y2Çk>\r%}y-\\N\0\_E\-\o6A:qwz%o\"w\[J\X\9V.T9Ycpv\:\\\\ \\]\Bqj\\٫<\MׅԷ9\\\\j:\>ط\z\\\~\D-\n)\S\+\7w4:O\\ϥ\\1dgHm[\0śR\Ԯ8Q\\ƖEVj\9\'\ȩt\P\>\?a\nK5,\gҮ\N\\_\\\y4^F\皞I_U\ƛ\\7Y\ZV\n6\Ё\A+\ c\;\th$ii\4\\nŕ%6UmJ5\ve+Y\٩\t?os\tg*\ҙZGu\\~J\r\\\xɧ\\\`%Z\ܕ~/\X\/w%m\\e\0Z0\}\\\tn,덼İ\Zl7X\\nsQ\V\1h\rK~Ń\zGwOG#\\\~\\\+\w4\Z\\\\\\ʞH:\u85XB\ZN+.[By{T\n3iM9Q/Y\a\\.\\nRꄻ\+A]U-w(\?zKO\߰w?mݥ\\"R=\>\8]W_\_\\~ə9H*<\r\v\\\\\nS]o|\\=OX:!68\\\Ҷc\6\/,0\o][=5r\	>\>{;7ei:J\\jdqNwp3I\<iQ\EҸgiH[3-L\󞸭[\\К678\\\\Z\@J)% \f\uzXS\zB=t5ǩ\˥\}\\j\0ex]W\Owp3I\<14\pnz\Db\\hTlD#\W{=\"ft\\'\\\pU\?Pj\4WaG\b\\ZjĠ\nڻ>\>\-\X|\\\תX=\p^\0\\yӊu\T\w4\Z\f\0\\JO,=[\0\Z+`\Ь\\/mmç\\"R\n\\X\ӎu\Ie\8\;gq^\0\\y1:\\0*x[OpwQ\:\=\\\BWO\Vii,\jKf\\0J\\\)[	\"q?gBm_%tB\\\X)A[\OkyOF\.N\wp\0\_%}u<-\\/TwcN>̓B LJ\֗SZV\\#lⷺq>6;C	\B7,3]U\\\ueotC\\\}<w\S\{1zRYS\z\3K\ITw\iN\8y%~\9Y\U,wp\nI\\(\#/?\Y\\=qPUJrmDRc\\\Sz6\\\	\'\i<\7\\y4\و\ۦ\\\?*xO^i|	}\\b]+\+\n\:`6`m#\LzDœ\\-\\z\9>\✷\U9-\&\U\\b\\|V.^\\\&Yۦ\|HzD\\+\(\\\3^迭ЮƭXOS3ìM}VK|_\z\(|\`\.\Ȳ\06\\'\yg8ϭ\\\\,\\>%\\z\3K\\\ћW\̛\n8߻\\\c\n\\\\\d\\"V^&\\)Q&\a6֚\騳4-\Y\7=	$vZsj s7\\r\DKU,\\\/\\f\ӯQ\\p٧\'P\\V/Y\;?\xU\\\\\\\\\\\\\ٺ\_kmc`\\YY\Dc=8	AY%գJn\\}6\\.u5t\\G\\z\\u\0*;\\\jwC\\\Z\\bӕ\nWYS/\\\}\jSW-+\\Z1宜eqZek\+\\n\\[CQmT,\>\,JY:i#\\~7\_\\%D-?tt\t\\'\rE\Lݦ6j\ra`\\yk\2AWV1(&zL~\\YX\,9\\E\#cdZ	\wm*\\4mK\\rYƮjR\\mY-m[\黾#\\\i]:\0i\\)\&\2t\0\\ٵ\kM\	=\Qa\\\-\<?+MG\͗ZhַN]\V\ \2\HP(gZ\-okm\\\FWwMӓb+n\]ںif[\%ji#\\\iY:\0i\xcz\LbP)Q\=Jnͪf\	OZpwqքv\V\kݾ\;\\a\:m\*M8X(IaPZaeŚ\fA:+۝\Z\c\\w\#\"\\^\4~A\4߬\5k\l8\\jޣ5>cV+\\!\У2!\Ňtf\V\_\r\X\\{j(\]zƹV4\}fpz\Lĳ\\\j)]?)y\\\\\|H\K\\WUF\0X%\kڛ9mt\\\\,wB\rL$\\De\hx\0On\̒\\gz\aF*Mn#94\\n6=8V8\\H\酮4L\t]c\\\K\ѥe\\Y\קj\*޶v\w\'\m\.P\NJqԏ=\a\U\\MI\zJjci\\b\\\v\k+\X\k	\\Y}H\\WX4\0_\\Fkj|\\Ԩ4\\,ϓ`Ҫщ\]$ \>Yaҡ*\\ϐ\r\g\\~\9\\Apu\'Gf\c>I\Trp\)NR\ +\c[s\MM-[X&\]\gʲY9\\\0x?#\\\rgbɋ&,bɋ&,bɋ&,bɋf-v}\\`\g\~ܼ\L\L\Ot\Ot\K{#\\6QW\\5\ꦒ+Q6\W\+\4\?\-B\\\9\Z?m\\%\>\:W\\D\\0\\bbbb1:\\ݴ`(\\\x\5\\Q߭\l\#\\3U]j+T5Ug|\7\\t\7M\t\7@\333t\r7L\\t\7\\t\7M\3333?F`0C\|R\p%\\\\5Kl>c\\r[ \\2Wd)C\\\m3\\iM3\u14Z\\Y>I\\\>N\\vO|\,)dg.\嬇O`\'\"\ɶrm&\˺r˦˦˦˦˦˦˦\f,r\-l-lc\OF\kl[nj\ۨg<\ȏF2\G\v^\"dM\7,޳X\\>v\y\y\y\tO|\\i;Tğ6\R|\ST\\9\\us\\\W9`,\$\$\$ܧ\;2$\\͜ɼM\7,\\'6s\'6F7([m6\\F>(i\I\ȁ\\&̖3\ç\Gm?^&&&&&&&&&&`\0fi\i3{a{{\^e\^e\^ny\盞e\ZoeZeZeZd̙2fLə3&d̙2fLə3&d̙\k\\0\\\0+\0\0\0\0\0\0\0\0! 01@APQ`\"q2Bap\\0?\g|\NY&L\\'X:.%2D\?ۇ-\2N2#d\$%\]e/#RSJGM%0LpCݞ\\\i\\ؠ\Lj;\\\\'H\ؒ\ӂ:\ke\n\͖F6x*^JiPTt\\\Nt͙O\Y\rЭ\e}t9 Ț<A\=hl;챊0*<\"Ԧ+H\\IH|\e\UH&ʶ\\\\Zɼ\sjv+1Y2Nt1zY\C\͓ml@\G\"\\\\\\\z\-j#H\\o\M\\/\`C\\uz̧\#zf\/L\\\E$\'0N\`k\F\Z)\C\pE\K;r6\$\rC<\1#Z}3s8J8\"\0\\'D\\A瑯Hd]v,V\T㑫sl#X\w}vdY\\z\\QHi\\\r\" ^=\ɛ=i݆@1I@\\ҹ!\L՚o\0Ƞ\\\$INy\\0@I99\"\\O\K\!\Nm{\io_ݗ\ZZ`bJ\\ʑ}\DDzu*\᎝\Ή\\rZ	\Ez=!\,\F\\I(dyk^C:N8FYHZ\\\\{&TE\\si-\\\"$wǭwcзE6v~Oɲһb\\VL$v\A\tF\'յ\J\OɈz\n\K^\b\B⸜iZ\\>\Ge\+O#w\ӭ\\W:cU^=LI5T\:cD\n\]\\#uh\\\)>.OyL\\t*ߒ	Ͻd\%͛Ɗo%I|t\\J\r!?B\h\\\Q\\eJF\6\URp/݂\QL/I\\\\\ӈ\j+\3JN#\:^J)Mc\'^NYR*dF5̏\p\5\$\"oL[⫤Ճo2.d:p1+5\i}\o7vm\>\K_\\rvo}]\i^,\\N\-o\H\\lK_`[d\\\0.\0\0\0\0\0\0!1 \"0A2@QPaB#pqR\\0?\0kZr_\\\\or\&\\L{ZM\VÖU\0#]\\5}rMc\&o~$}\\?e\w3rC,ڶŒO\\;\y$rc˒1䒍\E\\\X\\o\"\\\\\ͺm\"y%\\\M>,}~rաE\e\(Tɫ\\'\\\>.X\d{*y\>?fg\nV$\~Df7Q0F\\\Qc\2=%\&\\\ؗ9씿ٓ{k\'\85\&8\*!9\\\\˦94GJIh+\V%|:#I6\\\Tg\Id[f<7kb+\\\M]\Z\\\S2mm6OU\$ܬy\\ӱ}h|\&lC \&\ٿ\\\Yw&NۻF\'\r\_\"YUٟFLiy>\\bɮ$y<j/H6kI\G\\0;\*\\"\\kFy%J\"CV94\\n+w\x_qGs\eЖ\<{\vMZbiӫ\ȥW?hd\\\d\n\De	6.\\12mt5i\S\F2Vey7ro\C܏\Bș\=\\\k>F_\/*2+#FP\\8>FD\kOq}\"Ț\f\7X\jV\"q\\)4KQ(\M2\\\QTtG\\J\wȹ6\k^DK6\9>\/-%;\\+\脯EzG[\?µ\x%\\H\8۴\}ČٟFѿދJ\ݑJͷֱ\\O?\Ui1\~F%\\\]i,#/K\\5\&)sFH\#\-,\nm!Aߕ\C\b\\r\"\\KcJƝZ.\\\"\)\\^Ec}ΠS\\|E+eE7\1_^tEzؐЄ̭\\rñf\̑\䔢h6Kw\&\\mKVV\\'&\#\y$\6mv\\y\S\\+Lqb\~\k\&;\T<n\%\+>r\\\\y\.|:Bko[7B\0\.f\g/\pȢUM\nM4\.\\!\zSG\'b\FҴQ#l\	\r;:#\\\QCj\O\Q&O\	eWG%\M:#_\\\~\\'y[$W>\\\%-R\+Vd\\>%oO\/&\!ލ\?˿<UUߞ\^\Ӗwď[u\/K9$\GNd\\Ol	\\&5\\{\#\Ek\\'ݫ׮н\\;2gM&\JW\im1M\0Bd{\\C\\0-TEB[PKJ\:߳?eٗ\Z1\dLyFёZ0˂\:VcZY&1\b~GC\\\\E\_f]h\6}E\\o>\9\"\¡%\\\6\H\6գ\tb\?ˡ*%\\%ŜY]G:\\r\e\擡\qN<pS\-%*!\\\\g2\Td\F\yT\A\ѡ\\0-tK-F9ɺ\)sZ\'\^_f]#\\rVM~\b\\r\Ro<OyNر>\\$aMw\I#GK\N?\\	nLG\":\e\).{82\Qt̿N\]x&/K\Ƒ#,ˑ\Tc\^c\W#\ZJ\\\8*\\\\ۣ\T\iȟ>\epb\0Fi\dZ\cE\\v/LgDS\"\2JK\'\Glr\b\b\}\?̏C\j1b\h\\r\&8m]\\\0*~\Vؒɖg͎-Fq\0aN[J<G&IUٽB+we\\<\rqw\\a[>	]\?\~DG_r\	䫑|tA\.	\Tbs\\j˱iz5\^\Ժ\Ʒx6B%\\s\E\\2cI%tn\\U]\V|\r\C\\0ش}i4bl\%Y\ڈ*>}؞:*I2x\\|H\%{LXz\أ^)~z|?XG?E|]y$D;\s}HСKL%.Ici\'*?\\0\d8 \|yIt.\"v.8\9Qދ\\rS=*苮\7Ff\#$\1bUmN>4\7KE\zˡǂ1)i\\%\#V\"\gѵ\b}O\O8\\"O\\n͵\#\(\k\\\o\d:c~hL\/\Q㫢Otx#\nN\\Ʒ\"\n>\\\%GZ}F9ͧ9$2\\\\\Bf4\\\%\"\\7\=}hʧС\r|\\"\eЖ&JM2\Gc\=\>#\Z\\X\\CBK\I?\"\_^Jd\b\O\ȗUأ\\\D{-]h\\1yV?dz\\X\\\ΖX\\"\\}yO+f\\'E>&\BCj|\0\v}JOkZ|M\hɞя4gΫ_}{=\]\\k#Hf\/.Y\Vnep\)z~ӗn\i.H\IZG\AJM<p}]GV\\t?:3	\\\m\~W\4%G\\ݽT>(Qt(leHܯ1}\Dą4\\Bs\0tI<XmGۆHWg\\?$ez>ϝ\֕ϲ\ZB\];_m}\Pϳ\"\\\q3\pD\(\^\n \\#eFK/\%\/в3s$6Bmp\u\/GN\ɑ}\+;z+\_ZK\O\\qH\ÕB7s\rߥ|\rpJ\$\O\ȹ\Sd\WJ-n\0m揃\Y*\h>?\Zbъt\R\ݾ$\\\~K*΅\˔.9*%\\\\\\j&\]r8TYV\EZ\Ze2m\1\n\)r\Kk7M\\&C#߶]\\\\\b\]1\\\\I\"D\,]\ͼ߲$\rnOE\'_&l\.L9|H\ٓ4㖗D\'%x|\rF,H+|%(c<*#򆔸dP\Z.\g\\G\\/J\\\(\^U\H\d>1/ÖșfX\2\޽$B\hFS\\\T(\\F*\6\R҄5bT_|k\NOKR\2\X\=\Xx!\\8h\%|\\'\a\\0\2R܄x4FVŬ%ȥ+̿-\\f2\";\/J<H\\/O\Z=jt.Ii=*#^e6I9\ӯ%<~\\F\-r\&#wZ(\\߰\\QE\r\K\G\6\r\ͬ\ͬ\\e2OڦSͬ\\b\\#\f\lg#\f\SF\%Пߙ\\?,\\w\"\#\\b\\Ľ\'\{\\e\0%\P\Z-\\Ye\l[-\e\lr[-\g::g=m\\,\V\\R88\ح8(ּM\JEVm6\0\l[-\z\\0?\\0C\0\0\0\0\0!1A\"2Qq 0ar3BRb#@\Ps\\\\4CScp\\0\0?\0\\xd\U\>U\?\\*\\\nFP\'\ȑE\\9\\`ݶ!]46=\\m\7k{-\K\l\\M8-s4-ʚ\6\!|1\}{r\2kEhhɺqC\\E\\~\\\0\\\(\7\#\E\9»#\Z\\3K\y+5ቊ[[y,X\\"jʨ\26\\P\KLܔ3끑\Zylm\\Ȣ\jۍ\1\+fc9jss\eQ!Ah\\\Y\$Z\\n\]͈\}\tDYPuM\\\\96P(,\\:2\D\T_7\\\C\!8\ϗNat\Q\Z)0Ҳ\Y1wPد\Iq1\;\\\\{\"jc\6\\Ze{xTp\'\\\(\\c\e0\p\ZgU\O5\&++in!BKn!I|ȾKa4\\rʩ\Y\ɡT\<\?D\\r\x\h\\0d^\31\4D8O9N`liK*\\-X[\&\]`Qaa;t\'3v;a\l,a\\\\-;\Z\0xw(,\ʃ\\ Fqp\^,xp ¦`m\8\\ܜ\W4\6vAANHE\ZãN-!\h\k\"\C&$uꌘ\&.f\UV\˳x\~K+_[\<\Z\a.\"W(45Y\pk>lh\R750gs\	k79\\0\j\\\Ȣ\O%ăa\\F\\F\\)m1srS\n\ܯ\r\p	S\\-A\KT\0\\\	䡻ߋ:̹\Us\")\c*ni\\`(Ӓc`TOD\ZcU\)(ejZ媌\'QT\}\Za3.͢\Z`l\'[cyw(\'\VV\#lU\\F\X\0ɀe\Z-\]Fc<DQ߆Ɗ,<գ\\tn&.ΓϚ\\"\tND~Vǒ8Yi\'92j	N\r]AVXUE̓\FVJ8M2\r\3\\@6\rSa\~g~-fS\v5ww\&P5h\"(9KM\\jl`EC\(V\-\\J9A$y\\\?ef\A6+Sq;_y<K~p\?\\\\H-\'y4\i\2\J\"t\OąaH̝Jh\uG\"	\f|G](\\\\\\\,4LCv\Z<\\p+U:\,Xs^J7zK\\;+DM6?ۦ\r/\\R4\\\rԣĪ)2J\\Nqc7D\\\\0\#\c`	YK8OX\\`y\?`\=ww\uM\Xaa;\U\KsO V	D9Q0\\\\@\2]\r{\Kv׎EJ!ΎF\n\|\9\\\cIYIG\\nvu\U\\\h\i:i\V&X\O4\rD\+`\=r\lwT\\\29(h\6賗oʚȲ̠\E(V(\e\&V\ւWh\Ғ|\n+\'D\4\ҷ*ЃlUzl\\A*Y4\Z_ce\TȄ\LM\\\\\x\\\E	M\K+\.}UY:Wh[G*+\rh\-\\aT,\,\l\͔@\#\LϚ(읎ѶX\ڡ7 UbN\\\\Gu\\5\7c:#\0\\Ujh\\\M~\\ٸ\\'@p\f\3<gi\nZgX\Nw2/J\'48\%R\p1\\'$Z\\w~`?u*4\\#Y\-\h|ɩ\vrw^﷊;\\'u^\ĢV\Z\@\rQ\deƚ#9r*bb4	\n?\ݽe:]\\\\\\$\GV\)\0V\\@>a\\Zo6H\\\n\\GR?d\X\o(8t\`6(\\x\wU\f\"e=1\r\VDB&,*{5X\^\\S\\o;@#h杆-2(r-\:\o\%\P\'0,tRUP3\@v\\=bz[thV4\$S\}Q\\A;\N\nu(Ѝ\תk:\\C;@YK\'\\\#|-\B\>\Qj\v*~\?\Qu\\@\4\rv6|ӄYb\\H\N\\\\Gw\\\C5&63ҠI\|\s\*\\\rvWn\vCend%\5\U.\No2E\j2rֆ\\	YN\iW7ͶS=)\Ўi\vR=\GOwqN꽑[o\\B8fI\Z\\mT㒓\rm\wT\\\Q3\ i\Z\fvo\*?,\\Z\\2\\:\r6!	\ކ3;n-f\{;\'u^\Pm\E\?J\\&Î\\s\	\xٽ&UhT*\\L*\D\pPrY)jGU$X\rkI`sYܔKk|\ gx(ON\\k\E\0Zl=Ww^\\\\\"	\W|~$cE\\r\&Q<u]^\0\\?\`;.\\\\p\O~{\\Q5C)\\\[,l98M;\?UE\\5;Ġ:l=Ww^\\\\\"	WĽ\N\	xӲb\U:Xٽm\\'4\	W=\b\\	Y.\x Y\(4|\3|\Q\ڧ\utOpPt\N\\\ڧ\blwU\׺:x\\ \{\'\E5\r\#F\K\'\T\Ȅ\\(#iX꼂s\QIXG7p\J\\[QP<Գ蛿 <)\h\'Tp\\u54E\\(\vἑmE\ϔ\a@v\\\d\\;tt\[\\%>\\e\eO\67\;z\\tZ\@P\\J(M\leY읢{wt\\)\\(9,0\ 1\Z$\\`\.o\\"˶y\\8\4Lnh\@;\N\9+\<#\\ju:tO\\oO\De\NMl`\0\c)l\\\ q^\HN\0\pʽ\\no^\\pU\\Z\\!v\\\4à\W	ay\2KټF<\jvRx\\;0\ӧcg2MӀӺޞ+{\'u^\֞\Y_貴r\\\VsAف&\\\\CJ\3ATG*\0\\Iw\\OeFW_\uao4˹+o1O\8\u\[#ZY@\\H\F`/\\`\I\\\P\")+Xi\\\[\\ow	\Q\MS\a\k=\'\MDctF\	\~WpEQ\Nh96\\]\J;\͕\q(\'@\\\n\\\\v$o4s\\Y8G%JG\ZOE\\"&ـn\v1Н\[\\oN\\'Td\RyL\ؿg\'\\&ʂ\ikYf^DQnLkH\Fl\\$y\yv\P\\\2\C	;vn\'&\\7\|\t\c@y曖\P0\\&J,\\Z\`\$uL\q,o\1\\v\\[\\oN\\"	\Q\\XWh\0/\YQb??jo^\1\J~$G-TluU@J;]\\&\ \2q\\\8D2O\[\6}BSXgr\\{S\;ӡ8dafQ\\ꏥIEBbrvu+zwq:\{\'\$4)?Dd\N7#%`\4q(Z/U:,دq&\\\\nnZWz!\\&\i\nU#K\'=yF[X)HUr#\\$n\?;;\n	\x\\T\7\'\i#Um\ Mk*Vl\q$ۊ?5	r٢e\fH\4C~[<[4MmU\\2\0+r\U:]q\\2Fq\\&\L]KJ\}\'\E\Q\PGu+zw_\Q鶪6\\0Dqn\P\$΁e.\yK[\ed2әL-`\1\Z\"\\\'y\q\fYQw-\\i \"\\0,	c@k\:,O-WHA(oC\\{\\TG5E:\\6\G\E\^ɧ)GMVn\bV\r\6L*\Z\y!\"[;xtEsJ\pFi\ӥ\:3\0S\Z\\J`JI\m	ЩQ\u+zw_\Q菨\o\~\O-coe\A#\ƊT^[`\\茪)*\N9\$\˄.a\n*S,DS@tE\n(肔{\=V\\YNi\r\3*(q*\6\f[\`<\\n\5\yKnZ(p\Ef\f\\<\\B\\n\M\Q\6;\\	Oޝ\\Az.)VCc]gds*6\/5\\Z7:\'m\\\4El\.C\r;\",5fsZ9TZ[E(\\"ՓP;=Йⷧu\PEL\ȪMn0鲚(Pv\\+c}C77\\\\sCrN\4\YN\aB\&B)\\n\M\"\\hXg\oN뺠(\n\\]W\C*:ӧr6B)s읰fi\\"t\n\fip\\c-\>p\YY;\6]\0~HKEʏ-P9\<\k\Z訆f\!ttEBC\ZG#&zV\\X`m>m\\x\\E\R\:\AYZ>6%4q+\`Zn]\a+v@U\Z\y\M\\fZ\\\T\\\Z\wM\5>k!Dn\q\\0\q_Sq1Dj\s\)\Eٳ(`M\x\\wTErp&ySi\ >b; \g\;\9\d!໢Nf\\\`\ᱡ\nq42eX\\\\u\+1(\\p?3Y	\|,ͤY1\Zxyg ٍ\\rtC77M\5\쭣,\g\n/	Y1+M7\ⷧu\PE-HmȾ\>!Bl\}DFv\0vn\n}\'g=\"s\*\\l޲\&\\d\r\pGTB\%\KS-E#i+)09\.A,\j0\&\4*i_{?\d&\8|\`M\x\\=PEvL\0i\0ŵGmEY%Bl\\P&\VWV\\a{w,ݏ\<k\5Q\\KDDϚ$f\d\\"Q\!t\V\voqWT\\Լ\-\\M\X`ܵN!\nS^\\\\e\o\oN\\P\P\\',85\\\Q\9Aը1Ub)h\n䷻\\\,͏t\Z\(҃Tz짚s\\\5Qܠ\P\AYݎ\\Z\ntPD7I8l\ѡvAjlf`B\\3]\\%\ \p\L9/B\S@	\T8HYEM\\\=P\V\FdZ\\\\vL\~H0\]M*\n%IQH^\=A{ҽl\r\\h\+k\\|^\\\,\^&\uG{CaEh`\Jht7\٥\u_a\0\n	q\7/!g5(rA;մ&\⎝\\\*+y\r\\+BɆ{6~#u2`\\[\R}\p\\G(V҇\\\\!\k)2ʟP.5\(\oV\_e	\\ѻ\;:΢9EJRt)lfo\vn\\<\VЛ\\;\iRk8VlC˒& )\[ &\!*UQ\0\2E\n\\߽m\&\0\\0mE\n\\PsJ\\0^P\No0\\\'-:*Y^p3\'\\3\xw!\\\p\V\\7\|\J9\0G\Ysמ_\7\\\9\0G\\\[\85|_\_\O\G\_\\0\\\\"\\0\"\+\\{Kyx.`\_긙\RK\W\\\0\\\\+ⲷT\b\<\_K(\ÏRQ\-=\n\8\7a\z!sX\:9,لu	ؒ\0snB]W:wZ-ʾU\/|\_\"ʾU\|\_\"\Vg\YUP\\\0\\/~|3\_W\p}\\\\	؉\\#ꥹg\o\dpS\\̀5j f\:EM\2<\c\gz\\MBltv=^(\.L5\\𦌦yoTi\y\9\\\(\C\6Yi\Vr\r\\<E^PnR}^\\\,\]Eǰ[_ܵ\\\\Vqq\U\>}W\q.%ĸ\q.%\q.%uĸ\\\V.\.\.\.\.e~\˅X,hpXh4)b;H\\&tq\/\_\\'\|E\\]]q}\|EƸ\\Z\.0\\\\3\\\\\m1\Tp\\|F*b4. \}U¸\\_u\\\\MWU\\\Bz\Ψ\ᰃ\\\\kLQ\]U4|Eup0\\W!\\0\o1ߺ˫\~\\YYYYYYYYYYYYYYYYYYYYYYYYD\\0\\\\0*\0\0\0\0\0\0!1AQaq\ 0\\\@P\\0\0?!}-\[-\e\w\-\[F[F[-і\\teoF_t[љ\33)\e=oyn\\\\\\\\\\\\\\\ߤ.\\\S\0p\2\\\\^Ofz\\_\\=g\\Z M\l\<\0p\\\\\β\rβ\d\\\r\˗\Y\Y\Y\Y\Y\Y\Y\Y\Y\Y))\Y,K%\%ɿM?@N8n_˖O4\O4\L\Z_2\OM\\h\.\yy\\}\\i\\ܾ\\\<\\\._y}\\i\\<\\<\\\=FM>_ؔcJ\,q\1\0!\iK}^}@Vke\P\\fbJb^\?CmaN\uojZe\\XW*j\v\z\nE`W.}e\U6\\RdaGo\b[VX z\\G\]h~e͢!b140s%\f\\\QU\reD7\0PXF\VSS\\g%p\8\Z{l\C8J\X5H	\9\$\8\\\~w\{s\b\~Iy*}O\I\Nyƃ9\\\N\\\S\@PD\\"DP-\\0\ӎ\v\Ԙ6	S\\r\⬃\'e9 G\\\SA\;N|+:\t@?2\z\\n\\!W:\Fj\t\\]Y_I]\ZV\\A_\\5\Lt&\|5\6Ďg\P\#\d\\Z9\ceuپ\\\\\r\Z<\,r,C\Ï\\\\xc\\~o\(ԂTgx[*T@\\οT]׭\\"\WR\\\\3\'.\"Хp\nw(\"Lԯ\iw9W\wa9k2\Z\u+X/M\ \\\H\7\޽\\#s\M\r\\O39\1/=\"H@y\\4@\Lx\\eǵ\Zݳ\-i\v\T4\X*\7!pWfVCXx_3\n\"\0Z\\P@\0n^%;!\\q\ǃg\\\xo\{\\\"\Ii\\\\J\xN\\6\r\C-*\\\跡;\nBpt\.7TJ\a\\vuYiEYx!~\\a\\*fy\\\e\<3Å\\\Dn\1\f\L+\P`\'*/b8]\*\{\n\o\BUd\0\\\\\0E\\Z\sIHT`\\\"@gV-\\\0\K\\\$\\s^\r\\Z<7\\\?gP2ZRN\Le=$SۉCӤf\ֵ2M1ߴ\\d\\f3p֦>%\\[\\"R\E2krUX!C\aAY\!\\>(	^pzct3*\\`Q\\\-^_ܽ\sL]zLJ[\"\\1b6j_j\\0h\\r@ \N\\\\\\{l;\\q\\\o\\h\\\\\s>G\\\ \\۹(_FFsU\ˮMD~[\\\\0\\6g{̢X\\"P\\[\j\Z\\0a\n\	\5\\'.z\Su;L\=^pj\\t\|/jޯ\\"nf\r8\pm\5M>\V\\0!**\"ؚJƥ٤kw:i[d#\'\\IU\h\|+s9ӶN\'g\'gM\\#\uzbKw\\\0\\AjS\n`\)\\U\\n\Z5\r\nрpr\k\nyļ\%\Z-q\\D\\$Z;9ϥJ7\q`\Fdj\\T \.\GB:Hu\mFo\\\ʖ{w\\&]%\\YG\0}#;`\o!\x0p\:\\t\\J\\QXh2膆q\\Z\NL:\kit!4\\\fOrOpw<\\\-Yn}\9\*\;)wC\g\C\Es#f!3C\-$ǳ|ݢg͆\,]\`\\\"3\7JK\08^,S&\B:a(\wM\J7,EW6u)x\\湟\6f1iK	r\J{\lN\A]ʉo=\\nYV	9r?nki\\N\'OzOz\w\\\\r\|&\Z$\\rNωo77\>5\;G\&\8%\\\}\Ip\m<\]\\\nY2o\\D<`oMm\0\\!S´)\Uŗ)^\j\T\Uy.O#BYVu}b\0Ug𙻬\ȗ\AZ#i+3M\\n<ш+7s\ā\\\/u\ \&*{\\\\Ѽ\\~\\\\L\\'rT!P\=\YWF\5іU#\<\0\7bKڍs\\Bhb(\EcFv!\A\m9\\},\\rB3\\N\\X\ISW~PCJjPjX\"\;-c\rM\Ze\^x\+!X`縉Å\\[%9\Me`,\\]Q\-mۿI\\\\v\>\\\lO\p\\6\&|Nr\\\;12\9\g\\2\\0qP;71\\\/\\=!W!z\nq֔\~\X1N1%`kXC\\\5`ը\Xmkt\r\\\,\Z\U-<2\ʪJ\+e\\n8騥\Nö]\Zp\0Y:r\0wۿ)wEy\q5}j|\\ߝ\\r6e3\4rY\6-\T\7<{\n\<\uZ8@2M5\ہxkWrMEQV(~]Y\ی	\fs\\1\k؄!3\f^\ZBf[~{</Gox5nhLl;LՔE[\H[\\*}8\Ȫ:15Lf\\ߑ8g_3\!3\n\\\W\\\)c)w2ո疇\+3W7\'\0KN#jmm.\֨uTo\\\u2\jR\\5u<\\\={Ŭ\l}B\\\54\\YU7(\%\\pl0y\`WER\\!\Ε\U\@p\U\Z֪\{O$\4[!\1\<\(w7\"\ϴ\\\e./3w\\\\\~\~\\ǀlu\1o(YոLU]\B\3\-7&nZ\.\0XQm\10:US9\\\N𘻏v \n\aެ\\\Qu\σ\&9T\'.lX۶\\\\)p)c2eIW\:Jilh\m\Sn,\q\\#\&\Oi\|(V\\-n\etzF\C[=\=\\?u\>f\\\]]e+Nr3\<\\\\\-?UN\0^c\r<Vΐҙ\\\Z\y\8+\?̡\\\&\\9ֱk\σ\\\Z㶿\\ 9Fn{J@ \n\\\N=*c$!V\'!CH(\"\I91\}\\RFWFbX\\\\5V\Zo\\-\H\\ZP^\0\"}D\f\v\6ՃV\\4DX\\j\"ܪ\6\\ Y\E\K_\tSt-\G\q.Dےb0\܍6\\\r\\n6\\\`@R\T()\cCba3ļ\0\\ʑ\Zx\\9B\۩ʀ\T\nP\\\Γ\\C\07\\\O>tRd`B;\i`#\n]7J\ʯ\˒Ck\,\Gq#\Kn\\rgA2!R\µU\\\QWi\\'//@/-.D\fݑ=UkGt*$n7O-Φ:\єz7)gk&q!\<\\#\0WwX\ne/\%o!\s50Yf\\\Ty^\:#ܡ\0_\-𦞙\\\\p{\ZUW\}s\&d\|OmUV\92i=0Z\\\\\\U\a]\`\\i6\\S\HG/b3H\\0q*Z2_\\ҏ\Z\\\0d\n\\\\6A\Ӆ8\\V&\rbQ\V\\^[\\\\[\\\\tcm9\jS_[T{?\\~E>$\\=\|B*\\\\#\¿\lOf)@iVHTT\\@5\0Vb\(\0V\9Im%&fMD\M#\\Bm\\׌˅12뎺\"\81m\p.U(\\5{ub5(\\0k\n­k:%(&W0\\\ժR\|fۃF+s\6GC\0	\'\\\06O@\c83D:\\rP[P\\V\\_\\\\5[\\i]7}%6\\`.\`\b\\iq(@n\t\P4n0\\\\ M^\Z\I\03&\ZV\\e%\RKql/n`ojr\6\\8\F{g1v.\\]|U5r6\\\\|\0y\#=3tTs\\\S\\o\\v\'a淇\\j\kδ\Pu\\\Z\\J\\\\@-NK\m\]t\{r\0(ISؕ\QB*]&	{\0\@\T8\}cIGcgyF!C\\aĵ\7Gnz\a(6(\`\#a\:\Hq؆\Q>\:ţ&\\U^gQ\\\r\'}ۛ\	\\\\y\\;@D\d\⇓WT{\TU\H\$w҈fC\.n,A\r\\r\n\rne\WXQA!u\VTY\0N \\`a\*0O\pZ\eoCM\n8\\0u\w<\ۡ\1+feToBPV)\\\\xt+\_\,6!FqՃĩlnjٟ\{\'\\	A\?\i\&\f\ޟ\<ܦ\\\\k\wNd-\\\+\e=L\*\j` 4?\\0ؗ}\p@u6G>\ \'\\f)?aniw\Ď\\\\S\\D-N\(;7+*\V \0VǑ-}\٣\š\?N;_=D\f\QV\&N}g\\Zng\0e\z\uA,\8[%X\0\簛<9\'> \gM\\=gc#+ǉ\\5h1\2#U\\\rٯXʌ0j0q\NA8Z%\)1Wuk\\\?\\"W10\V\G\ZӃ\L\f\By7g\\'Yrdi\^m\\\Wek`C`rR\N{2\\Az\+B\\&ύ\-LxR\Rdn\r^,\\\MǦ{L\6b\۹eNaǩ]`l\,kR\\\@\~np4Q\PC\[TH\rurXa\\1m\I\ZF q\L\hpܼ\Z\uP!y\\n=#L9\1\\0	\\\ݭ+{\Zk,=Ӟ\G2%\q\\0\߼\t\\9f\\\ZyOt%\K\L\\\\33:V\I\e\UHx\ͳÙ\>i{\\*\\03\'<ϙ-Kģ@R,*;\r\\m\n#\\\XL\H7 %+J\\0ǘ>uHGՈ/yĻ:\G3HPK\\Ox	j\|\1\Z%\nmU\$\3\\*\\\!\ԟ\s?*\Z	Jn$,\eqjd\\[ʜ\\I]o\S \ṿq\\\%&\'3lp\\\yB>~\n\\p\gx&f\\4px\e\ru\K2N%-\\G\\UH\\\0PZF\'#P3\\\nS_N\\\Sܴ\\B\,	\cxO\~\")\q&.\(8\\\>\M.[3\0\H\Ck-\K2\\LKc=n\T\=m\\n1\\.ߵ/3Eq\\\\y\R\=@nZ\q\:j\L9z\\0C\\\6\3\vz.zM\BŹ^C`8\ZV4׼\܍\Za]9nyt1\"Sc\.UyF^p晳\s\7\cp\J\\yuP18x?·.&(,7oGH$\N\\A%OXL\	0Z\yO\\ne)W`\WmF޴\VLX\\r!PVTDΰ?-k\|/σQ\n\|A\{<lO\k\\qr%\A8B\Ⴒ\17i\*~LzAY67\(w j\*:w\ZzVu\"s\\Q\ZX%_,TVNCRr\BI졧\\0U\\\Y \~⊫ફ\c(\LE\*IB\=eE(UQ8҆\)	xr\c\=y\̴\\d?Ĩ{y\\}l\؟[)\\\0\-JR\*n|bQ\\R\lHV\d\46\˄	\bJPgYF,DQ\a\\\Z/\򜓟\\\dz|õ#\V(\q\"\\:\\ފ\Xc(ե%@B<2UEtQ1\\07S.*\O\\\\\G\\\C<?\\}l\؟K\\69\s،>wr\\0YJ:\"\~K\\Gޛ\#;EDInbh% \\`\e( K\\\\%v\GMA+\\)Yӟ\#,\9yz͑Z~R.9\\Y\0BZpPo\닟E\l\gX3κ\\`\\\\^\\x\'\\\\\\F>Fi(\TS8R+({Z\n\0V!ce%`cvY7U\~.D5HjΈɉW=U嘴,<#\\0i\e\\\Um61\rXz\$\\+\\}aF\[8\)\\Ϯ\=\\=&Kzxm\n5\Iۏ\\y\b}n\x=\0Z\ՔJ:\|)Uߔ\\\L\9\r\\n\@\uaT\\\xd\L1\]\VG$!\~Lأ}X~v\\a\K~fn\\5\׳+U9Bʃ\\Um.lm?\i\\\L\\v\\ `\\\K\~\\؟S\=\\j\9\3\;\vy\/\bØAWA~W*z&\9c]|Bݲc\'-{P\;\'9#a/<Ne_\!+@\U\иbg$+\\e:O8굕O0\\_Rr\\`\\(.\5W`uv4\\!KK38_Xi 6s\r[0\I\}\@\\\r\\0\\y\&\\\0O`\7?̺+F\t\/\Vנ\Z\C$.*\sHU[m{\\\;\g\`8\AR+2x~Ts\\X{\eQ\\\d\\¯)\`7\ q*\i\rV1q\\\\=,ĥ#\nv4\t\"\I\\\q*Yv6Ow\FlOrA\Oe\r\E\T\.5vyBn\%Id\\,@~\0NScPcQW@͖\\Vƺ\\0x4*$ v\8\.\\4\\޺3ySr\\%ĠС^X\p\-\(J! og#Q9b:{\[E;\r\\J\0i\Q@75\!-\\\\r\>tGH\͞؞\\\~{)z_l\\aʱ\\i1u,)D9\\K\2%P˹ļ\\\Zŕ6,ow\\|T\L#\.}[r_l\Z:ˈ0i\\n0Y\WmOK*ru\Mr\.P]q]p\B\0\;^\,t\2R\Ľ\rO!\\bԮV\\@\"\QM/z\kQ\-Ⱦ]a\\Sl\vc\\\1\=\\\\\S9\\	y;D)I} Ůc\{Kc\`9K\7B8\\rʺL\\	Н?\cd\Ʉ\\CD\\K-G\R\\}&5\\s\\\ծ>Q\O|y\&h\rKX\ǟ\\GUF\kq*x`ݭ\X\M\\]8pz\8\r,\'\Uu*\\TaȰ{\*\L>p\\'Kވy|\\1\kx1\=\\\^\`q\Օbsɾ]=Es\X\Z!\~\"F2h\L+OH$@q\\\\XmU\\?\ZxW\\r<\EKJy\P\'ݡ\ʿ\_\0#l,Y\5ͣm\{q\.\yR\"{d\£	\/\\\6T(/BP\4BΈ\\o\˔h\c1!XO\\S1\㨰\+w\+oG\?ENX\N}\ʟg\\\\;\\|\\\\rɌE/vX\r\?Z+\h\'E\rQPP,1\R\\̴\\\n+\Z\#Ƶn\޲䁧)\\;yK?>P\\ہfrt0]\̵VV(L\:DQ -\Ƈvp\0R\WlPnLl\"\[{n\n\\n\(}\\]V*\Z\ys(gE|6J\\\UE 阕\\\p\Q\n\\WFz`,abd\1m\*<u\\c\\1\>\=y7ss\lZp\rֈ\\Oox+cSa僡yL`\#p;0J;X\n \Wi\:\%\\}?Iı}&\\q\'Sq1d\\\1wo\VoH,\X\\E+ܤ@C`\FҭW,_<\\? {;\7V*(zNUa\j\\e q6[0\5Kr</$)nT,ڰrT\K\\pܕ/\bn\Z];O\u~\w\\d?\\a\\\\\\\n\1\umH\^.p\A+h|b쀰p\cLܭQt5	\H\&\\ĩX\\N#tZ\ ̎|\dNS\ƺ<\\\\,ֹPͲ yVf\[G\'\i\\"dR|Rfa\Q\#5lp;\-\\{~\"iwz1i*\~&:%\æ.2\w^_\s\~ʏm\ni\\0P.0e\[[afQ\v\+^\\Rym\\spG}l\ \,\2\8YK\!UL\\6{\\8y \\dX+\\\\r[s#pW1ä\\Q<)ZS_U\\Xi1\tvI\g70\#\\\\Lh\\\\\0\ST-\0.\\n\zC\\\\(,\\z+\\\\tk\\\N|\l\ef\\'\q\0/Ih\\Z4eX\J«\\0\H65K\0*٠\0\\\n2VP2\X\\a\$XV(~P\\TY\v\0=\n\\*tWB\mD^\\EsY\Nf]+|\Ȥla96W.f,\5;\"4&2BU\\;f-n#a\n\\JXO\<=b\\!\\f\\_zg	l;`ɶy\ qi\n\n\"\U\oY\\mJ#;_;\0\	N/\戻ݿJ\9c\\\\\\x,yGP	\3\0\wڳ0\\\}I_\EWx~#\{@>cA.;}U07\,}Ҫ(X	Z.\VW}Nk\)\I]\7zJ\0z?N\پ`&C\\[qh\}7\\\g\s\\\\}\>\jϵg\s\\\?\á0\L\?\\\T\\	Q\\\'\|\\1\0D^\/O3\G\ϥ\\5]\ټ!^\Q\0ݔ\wt\+nҊz\GC3AScwWaD	/\Q\"F?&\cDf\=a\~2\ @\~_c*$O\v!\Z%_kU\y)\F[\\nX)RqR%\s?*&\PE|cHx0o\0uC\C쪿\0,\\#T=ez\\\#LD\r\!DLsļ=f\\wܵ\8!/*~O\qX\Pqh\\M\\\af\\~\n\X\Au\]\Zcd\(YP\0\;X\?3\g\\\vQW\\Á}gc\0\'6D9g\w1\~SuN\\\\;\w?z\0\}煸J6\kE\!BQl\\e\0\\\r~\"\}e\n^	\R\\nHj0BH\~t\-OI\\\?ЇKGmgmb^Q\_\>\ҿN\\\\v#(P\\9*|\<n&_\\\D\^@JwhC\U\\GS\\0\t\\h57\VW+ْԈ@\=\:sA\0/xy2\J=S>y5}\=N̗ٓRʗEAhZ-\_\0\_\>\w\|ʕK<\\<\A]ߝ\wS\\\v\yْI{\0\0km$\%\\s3333333333-\e\l[-\e\l[-\e\\7.\\K.\\r\˗.\\r\0?\\0\0\0\0\0\0H\"I4m\ `ۦ\@H`&\i\,e\%$di)lw}$I=\$@6Y%\gi>jo\پ\00))Q\L[\'ӧ\M\I$\4\\\0\hvKM\L\\K4_\\\\Q\$GPy\\VS\ɭi[\>\-	[x\0\(6\7;b(nJ\<H+K\"\09\\\m\\0A\eG.,4[[7\\o^\ར<<B5\0S%A n^G]/[\0Ex\E8jL2ډaXI\5\1\3W+xvHRaA\! 0T\\\n\r\ \0S\c2W>\\O\\z1Y\\\"[G,}BB\\0ёB p\7\\\\f6Yr4\`\J!׶[\\oDFCw\D\Ro\9gL\e\NL\yTO\e&\m2P\=\8\\m\$<\\\\\8\nM<e8YIfxI9mAO\`0\y)\|m\dv xGʡtϿ\\@jќ\a\H\Ŷ\`\\\~\p\"#\0O|܃4\?\Km\\\\W\rC\\\W!\QU\L\\Pfы(&\nk\0\RϤ\\e0\,\r\\KpvQPB\0\Kn+o\iJk,\H̶\\H)/?YIJ[\f,\KX 8MD0\\\y-0\\2n\d\0\\\\wvHi\'Q}y`%p0R\\\\)\0\쁚:×\C7G({p\"ʄWݭ\W\\8R\n\\ӽ\ \2!𧲰\aS\Z\\0s Ъ;~\=Pv \\\n\ugо)E\Z\2-v\\^4_{d\x7D\0#\!&J!\\*BW\\\CsTx 0o\T	\~\\C\\ڂ~\#_\\\K\0\0s\<8o:\D\"j\I2\\'t\|\\\L$D\|e\݄N\\Ҿz 25 \È #ԉ\\KJY`&\Ŀ5\A1A9\+/{h\w*cr^\-\ w\dP\׻a+na\}jW\6<6ֳFAkKy\BEm7\\\ǯ\n-|vyzXY\\.{\t͢~~>1\.,^\p`\X\Yb\\W\"	\'01\+B\tX\C\m\\N5#hDJ\&*\r\z\"ϓS֎P)ׄ_n$HǕ*ibX\b\u)\,ܐs/ļn.ɻ2UF\\_\sj	L\\0wO\"JR\\Gu\W:\ZD ~\A\){#D\o\0\ȄS@\0n\r6\;\\"\vX$2^T\Ozr\\C\0MMlZIE%|l[$﫵b3\[\'\\F\ۀ$N\R\:@\\5r5\۶]\m4\6%\"\?vy@F\"Y\~%\߶\\r:Uk\\\GZ\0\ ׈5qk\\4M\>NV\$zY)>\]5\Әv\}\ݧ\1AJNBi\O\m6$\r$Io\\0iN\\v(K4\ͦ\?\\0\o\\d\eYl\\\0\'\0\0\0\0\0\0\0\0\0!1 A0@QaPq\p\\0?\\\\R)JR\JR)JR)JRR)JR)JR\!\r\0O\\\\җ\Ҕ)JR\)JR)JR)JR\\_Bg\8]\\\cA\\<\6z> = a&YWZJ\r\\\A14؍d\Fٳ١k2D\\\n6^:\2\\t\Z\A*h\0:\\\ن\Z(r\F\\=3\\VƝN.fd\\?\B2)`LC&D\Z\ZMS\\_I\]\\o4\\?\G0`QPi\8]\,\r$\SxgL4~p~HN@TĺV\$i\r\/\\≸hiBz\0\\Q+X*#Jzz96\46.}\\ZbU\\-Fn(f+\0\\w\\0$\١~\\\\n4~\DaC%\"\p.RН\\#H\n\\\\n5e1<cU)B5!B\"5ld\\\\G\kn\\\<Gplv\\a:fhH\5PHq\+\n6Zz>41]5\\MtbCЄ\\!B\}-yi\n2x22\6~A^\ X\\ع/࿧\Tɢd&>\nЇ\ᖉ\6P\	q\ZYO,n\à\(Z\$HW#\Hc{E\\]=!o,\r&\Z\ZƜ!\(A52\G&mF{T\hU\\шk#YE\&.cFp=eс(VᥔaO&Fi5\D\c\\\D\1\\\\>W/鮩ohq:\EH\L*\\K~i%\?\\x\\4@\E\\\>t~	sOFC\2i\~\\mB\m\\I\hH\l&\"\\{2.ko\\Z-dX14\!\\\7|4\*J\vE\cn<	H\z7\0\\r\\\'\\\\l	4\H~I\#LvkcF\Ȥh8by\|.\}FcPmzX\A1\r7W¶4hV&mJ&\r\g\5Ʃo<-\녯4)s(g\!\i[\\\&nX\#[!\$\-CaA\li.W\\]\27\!t[^\\0h\0cdLi\'t:\Ilr\L\{\p\\\\OD7ˍ\J\0FŁ\IH\_=\\\Z\\'6	E\>Mt\L{B\\σ?A\\\BH.\(J890H>ǔTބh\b\FO,H\̢c/鮨h[\2%Dpi\M$o)8]\\oF\\$\%DPN+c3~\1|/7\clh\\F!	/ҙq.\z(BZ64FC\cS\Q((\WE\&.И\\E$V\Ȕs/\\Wâ\UE3\\\X\X*\A!Ld\\|\1ttNK!.O\"DƣbL\o\\\Ƶ\G\n\\S(UUC˝W/鮌ׂ\7ಬkdO	Jn	\\p\g\\P\h\#F;.%lm	-Ήt$|1\r遶=Lv+*3X\Lr\v\8Ǥk<.WbTSC*ؼ&\\O\!\x|=U\k=b\\\(\`dHxQ.W,\H&GD\ZY\R2\\ZȜC$ӆ1Ӫ\\\}G\ao\v%\\\r\0\\8]Xű\B\F\!Hm&`oBQp\\\\S\\\\\\c2?\##\\*\z \]\\%5\M#\_/_Mth\\b፦\\	{ˆ\!!\1\\\L\n\'/\JYvcP:k к>}5\~dvA\\^\!1\3c\+y\ZE*\\h\C|\}5\\\\XPI]Մi\nt\r	~\(\:y!!s\<\\\]Vp3\Z.`6l<\Hm_K&\r-\2\՞u\Iu\b\\U6XD!\rq~,\\I!EB0W\\\:\.عmz{4&!	\|/V\&7	HЦ\5H\\\\Z[\\\hy&\CG^>\\1Fbh\y\\'g	\	1dI;Hr&[\\"&\CM8w%O\0+Luz<\\\z#\H\J\\6{\\\Hё=\\n&\Z<\86\\z%YZP.t<K]\'\mG	Ϣ|k(czOmx5N\cPZɁ+8?cmG7Ǌ5&ٔx!ao:}%\l\\z&+(G#\!\lv5xunNZ_\\K<*9H\\Z(d*SQb$\ƟMk\ثF#\1\16?ѬT\+\\A\02\"L*\2i\bڈa#\\\0\<}5qy\M1\\\' \8q\1\T\	O,nH\\2.\nH*h5&\D\\xc2&ڣjhy\fG\lL3eo\7X\l\Y\L\\\rP3\0\\LjpȟZ\Z}k(t\\Z\\B\9_m\5虞|O7\Z=\%Y\nl\[<}6\yaYBO\3\\tHl\Rٱ\r\	FI\\\z\\C\æln(\b-s\\Z}\\fʣxS#\\7_=>\|%Fg\u\\"g\Y\\ \0-\FD\^lQҊH&R_TvT^z,pL\Z\E\?sNggE\\\{\t\_*l\BpǣKbHP\8F!>4B!O\M*\rdHK##\\Z\?\"0TTTTTTTTT`QQQQQ0DD`DDF08\e\'4\Bq\\\Bzdɓ&L2g4)JRh\R\\+\\z^)JRR/80`\n1\j\0{\\0+\0\0\0\0\0!1AQa 0\q\\\@Pp\\0?\;P\Z*TS*S)\e2LLS)\e2LS)ʔ\e2J*TRJ*TRJ*TRF\Z\X\0\׺ʾ._\0i\}kzt*T+{+J+J+J*T]X\^\\ٞ\0\\C\׺\\\\mB\J\pʶ\j㭘\\r\@ź\cWJ?8S\Z-]\Vo:z\oE¬qI\a\A\Jw&>\:Ǚ+q\#2@j\0\2H\'ߵ\7\q\r\uy\\Я\\\\9f\$\\\	C˗\.8%BG\׻ǠBs6Mˀ7/\VRכa9\A\\0J\Z\\Z\nh\R\\$2\XˁClgʣ7+\\\\0b2\\\<a7\\\\a\%_\\Kߞ~\\1\,jSJX\<\\\`s\\f@\n\x^Q\f%+\6ބ#\\͠͝R\Ev\\\\RVn\0\\\Zy=\0\\Ft҇0\\̈́hN\S1ɖ\0\B\\|\cn´\ƞ7\8?:g\.~߿\\Ei\YPa\\^m;̠\\\/z\Zs/TιZ\0.*\Z\{A8\mB\[<1\\l\\\jX0\M&!\>u\yf\JY\J\?\\\0Q\\y+RQ+UF\0vB1Ħ\%Dh\^o+5\ؔ\y$\r/qҒ\\0U3I\*\0\Jt!\}!u	\\*nBP\K\\Z9PRl\\1\\\\\"\S\JP\\R\r\\\\\\d\\TK-Ȗtܲ\ܶ1\C.\N	euU+M\◽\!\awϣBe\`w!e4@\[mjKHĥb\\.\?;\\Zg\c\c\Y젢 ګiE\\\Z\\/\_?\H,\\S\0\0Bo\QJ*\\\K0F\\B\V\x\\'\F4 \\"-J2\m\Ey \	tJ\3mqE9\d\쵤x\\\\\\0]\j\vk]\3,\h\2\Ul\.\$9DcQ>\G\u#7wϤ\K\tle/CH\0d2\\,Zgٕh\䦞\״X\#N\4agq/\-\\!}\r(	\\\f/ס\r\q\\q\x%*\5ӎ*;Qm\\t& \njZwB8\\\\\Zh\Ww-Y6WHAףԾSߡ\\r\\\PVq\u N\,\\#aj卆\'[7\\!߻v=D\G~j\\!J\DI\\\GQ!\\0n;\\>\\qB9\ZLu53\Vq\"R#w\\\r\\\0} \\%&\\Km\_o\\m\A\rʬ\\1pTxBA\\peF\trGUL\\\B\}\!\\\Z%\\ZK]g+p ]Ýʬ\0jP5^>}%YGE/\\^ʥ-\r{[\\\Nj\\q\^ӹW(:Q\\r\r\CsoAC\\5BXU*zX0Rx\KWJdNh\:W_\\d#_ϲS\\mQ\痟iyDʕ\$\\\\2OaQ(q\]>76\\q\x\5E\" =A6\rn7\Pk\T^Q\\6%͵\0w\0a,\~(|\OHZ\\"\3q21І\ނ>\\:Z\\RԆ\SIK%\X`\J2\P\\nV	)@\aJޠ:x\\`!萙%`o\rͺ\}\!\u\rB.SL\N \Z\/wD{\"\\\\!UW\6\.\J\g?>\u,K:\y	j\"\	\۫\r\\\P\!90nP\\\ZN2aNIu)\S\\Y[\0QL9־/7\\N\UT-yȕ\\}e\MW\C\Zo3wK\nEgC\Xn>\ߣjfXޝfܦ\MddҠX\\o\\Xr#\_^>\Hވܓ\\\?\\"\n\\\}XifR\b9z\r\\\\q\rC\\\\59\'=06;\7\JSu-,[p[].OguD\O)Q\\\ΡFP\\\0\xԺr\\\(e}\ZG58E\Nfރq\xF\;\\Y,\Х<(]\\QmBq*t{%JF2\\*\y%uZ]7\\Ǻ\9qǙ\g\\7\{Ol\0_T\\aP7\nG\^S-\\mՆ\\\\rt:Q(A\t\\\m#\\\rb\\\1\núJpM{&ܻ\L9!\'yU\7\\3- \\?w\߿\ST%k++\'\\\.^\\0\/\\\ptcQ\\%/ͺ\}\!\\\B6$W\>Q\X\\;e-R\0F\ZsҢ\\\Z\m÷\00fK\\;\\U?=;\~t\̠\<c\8\0L?\׈\~><La\\(\\GPچU\nw\r\۫\r\\\]\0\X\\\\ppG\\j\\2\#\!Wq}t}D\rB].\\\27U\0B\\\Z\LTY\\=(`\U~. _9}C,q\\\s54W,\tje/\79z\r\\\]	\3\i04\*{/\ 	ljHje\IWn\1\}D\\L+oP-\\1\I%\\}\}\Rm\bX\\\0\\Zx,\W\ϬA@/x\\\\^!d\#\\)\;\$\\n:\CfJ\봣`\;v\\\.0yeD\\\m\!qrr(\\\\Z\\<\?(=b\"(\r}0-\\-F\F\*ԡ0m\yLNe\O8\s=\!\ӡ87\\0\z4N\G>?R\\\_\\ZSͫy\\[\rW\e\}\\aEĦzRE\E8{@EYn;\\\nϵQ~[@`\?iY\w︚G$T/\;W;U\[\\0%0P\\\\$.\v\NQ\\>ǣN\7\k)\]FrAg\iV,osR0{ʦ \\i\)\\\\1P5\\٠?y\>i\`\\z\\\\6>,b#sI\\B\\1Xn:\x\n\a\\\bsR\\n\ϰd\n\\\ؠD\PC\\\ll\\0q0\\\^A\0[q1\3\iz\GV\!CЎ3\T\\\\\A\\\\ri\Vbʙ5J\Ѷ\0qZ_\\c\|\\B\\Un\\\sC^\\L`#~c`ͺ=4>sՆ\\\z7т\\X`Jĸ\05\\/7@pk\pK<F߆\"6\%ZR@W\'Q9?n%µ\pz\w\DGOã\\=\Zt#*\yO(Ř\T@]˚\`:\\pG1\9\\U\\2|\9]D+3\\*\y*s̱Lʫ\0\U\\\\\\02\\9%A\\@2\TGG\PG\\ZQ\܇=7B\\\\|\}c4\5s%\o(7\J7bb\\4d#m\\\\2\Mb\7\2\Ӄq\8!њю\\a1\(n(\;\.8Q+\\d\\\\\n~~~QT&9\\NapdGC\פ\=\rN\"C\\\H\.nH19VK`\\ڞė\\Kơ,\,/S\`=\Ĉ*\}wAZv\\8V\\\_^R8\0\z\ZX\\\cыd&J\@\\1\Y\\@~\\ƥ\وdZ\lNIM\\WFJX0O0)tTwO\0~TACRҗ\\h.-\0\GP\yx6a30Ŀ0\$]C\	bIϳ8Z؜\vT\\h\"\\\`Đ\}|\\ϴT?\\\X5F\\URR\\0ouj:3\aP\\0S8\%\`>\\Hϣ/\k_\4H\X\QM??ߚ^@v\\YZ|s\@aϜ5W\ϗ9\$\\RO\dA\\ٍ71\-\P\\=N#cI\f\Al{f\h1\]T\\\\.\Y*0Pf\2\v\\G\1En\\4d_\Pڃp\0*\\\\)\\\\\V9\f+\\<E0`\\ \d\V\\Vu\r\\\\:\waP{j\m\0x\\3\oqCi#\D\\Ch\	u\6\rsoY\\0<w\0R\9\0\UC>Ҟ\\}q\p\\Q\\3ٽ@Xk\y\1\ZW?X\fXe?H0\`1\\\\0/\(=Ql\:Fx\=]Nd\f1\}ae\E2\\\0ǂjw7\0\_~BnJۼ\\n\awpM%\"\B\\%]6vb\\0z@6A̰o2\k?AX\ß\ĬS|\[b\kEW\Z\AǟF\\C\԰`G0)\c9\1\\\Zd\\0E}$7E|A\\,m\f\0j缬6Ԡ{e5}\\pa#\f\\~3\n0\;~~\\\\Cj%w\\01y\J<\0q\\\|\-E\0P\M\\\]C\\\`T\n33ք(l;ʗP3	f\\\6\\}$тᾢ(\\\\\,`\\:\\8l7	SL2p\\jۮ	\/\\\\!E]2\\d+ٸ\\'/Fou\\\n\m;Xk\,Q\L@\z+cja衾N%28>!s\\EEq\"\d	j֡k\\3Q3D\n|\N\'=\\uCT+\\\\\\0xA0*%8Ka\\\պYٗG%K\ۯ\\sr\)L*\Q.U)*[J\\k}%\\zq9\\o2=2tS{n\5\+w\ndgڧ\/\y\;\y\\\&n\'҇G\'In\"\\9xd\\?x\ng\\}\>\o\(?dPYM\K\˸\g9\GSx|>=\˗/\\r\˗.\\b\r\˗.\\s\"q\\E\Zk^ D&eK\=M\/w_Hfe\\R\ˀ*,\\ !=Y\ϼr\\\\\?\ԩR\\rB=&b-1\`\\0S\l\\{7\e=m%K4t\TTW\Z\ҹ<<<<<g=\f_d.\@\p\;A\/Ьn\\\(\Ҡ{11111,LtRJ\)\y\'WC\;\w\(\1>\D\)\eJ\b}tS\*S\RG\N*\V\e{JrOR~n{5+\^\tRL\\e33=33\32\~I\I/J\\r\\\rW\_[-\0\\\\0(\0\0\0\0\0\0!1AQaq\ \\\0\\0\0?\!	`e\0[\q\AJvDw\\'I\0̟\\'k\?\O~_v\N\\;?	]ı\\S\\#\\v\\gyc\gq\w\ޝ\w\'rwޏZ_\\X}c\<\\+̻Vv\'G\\!\?-ROK\\C\\g3\\-\-\\z\zެV[\[ՖuծT\I}L\T\W\S\\~b=_1\Z\\S\\)\ʕEJW\\\|zB	1\"zWC~\jJ._x0e˗.\\r\/\0\h\q\ǩ1.,X\ũqQ gҌH#Hz.w\bc-{LuWX2\:\%eee::\:\uuJ\\\ħ_\\?N\\.%\\_\ћSY^	\0\}\;ω\|E|GN\\\w߉\gy;\$\N\]\~z$O\B\\f>\if\%\\\u%G\=NNAp\vsǋ\f\RVg`>RcҠl\_Z\O\\_ט\)+V^\\D79\0^Z\\eu\Z/\\'Ҙ\"\"i1H\{\|?\\oWֽHB\>ޒGs\D\ni{Ya\;\\0\d!F(\\\ȁAc\bć\\j\0eՆUB:Ga*\^fӆ\\\pS(\e8Y1Ե&T\B]J(\n(l\q\7zU\%ϟ\\\\\JXs\#\\\rM\n*܋B\\L@\Z;uM-g#lQ\~t\\0Q{17	ÚTJb\\\0Y11elЫK\(<1(+V6+\\\w\Z8\\!`gZގ\y!guu\}ĉFt8p\UU/\Xqp\:+`mf\~\0(n\\%,7uː[P\L8\'!ǉh,U\\/$\)dD]\\n#Vo\[\H%zW\B\0K/>\ڛ~bj_D{	T56,{\[\	o\4\\^SZ\\Z*\0\n\Z\\,RS\2=\"*|%\\\+z\|@hw\0\<\2g@&E\\TS.[\\U\$?c\\\P	\UM\1\$	E\Zȶ,XhKmR.tTr\[s\0XW5,5Ʌ4\.\\\뷧g\\Y\*\98\J؛\nEg0\ø]\"\8\k\\7k\KDХɺ \Ikw\m\_yd:1׹D7u\\/λ@PXT\\/V\\n\n\\x#^m&\#ptWU+\B\˘í\(\-@\0\\Zq]I\g:?\/\\r\h}z\\:\\=HA\?Gs\NN\0f;U\0\r\\R|\Ex\\"y8\\\|\u\\\ZljR\\j0U9]&+VUcSb\Z\ZQ~\"a髹р=\0ÓS.\0ʆsv~a~.\J0+\\\}\\\.i\T\Jm,p\JNT&\UXƔF忽K\r\1#u\!ϷX\\x\/gGJ\^Po\Lu\آ\\A˝y\xoOt\ryQfZ\r\\ZP/66\t\o\\\n[IC:[\\r`,Z@\m\\\2;Ev1\Mv\\\%\nk<vcSz7d+yrߘ\0R5ʯ\"x_V\\	\\\pЦ񨊠\Dȧ\fۣ\*h\\K\Kһ\\\7v\\\>\=+Є \\\\A\1b\0\j_Я\X\\\'&Y\]\ޜlHƼSyU\t\HCv5#e҆\l\J`q¸9\\ȍsUV\Jd\0Ʋ \r\k%\\#a\Z\\خ\g4T[pd\\\ZjԬ\G!\Z0X\d0g˄\.\*<\2٘5WV\#\0C\\\\b\Y\\\1(!YM^\ޏ\&RL-\\֮@!qƄ!q\\rS%\SqݢkÌ\9+,J5\fL^{(G*\\\\+\xa\3ZS\\\d!ZVT/HY\#Cӿ0h\0\*jK6\9B2x:\DHN|\\\vj\\0\7\\7\'\\02i\Dr\\ǌe\\bca\Aܿ\\Xֳ\V\v\\\n!\\\<{-hأ~P\".5\\1\?U\*6W\zL\@^K^c !ZFD\gxH崴*\0\̓u\Eѱȯ!)\nBغ8\=P3\!| K\Zs]\\]7\p\/\\ثղ7sBo	QȰ[m%\\r/\\.\i\0sY̠m\r\\\f5\ZuѶ\ )8Hd\\Ǜ0ͤ[\U\B\sXXKX&\pqB\0Xvc<f\'6+\0m<f01Ya]mr\a\\\A΂XܟJ\\uJ\\Z*.Z\q-l<g4\0gQ/\\oGoC\~\\\0^\LWX\#ނW[\\\0MC)	\/\'xQpz{N\Z\@w;N\ˋ=\A\\#\\D1X;C\ƚB\W\u#6͛,ȝv	8r\5[\Zf\]\\QXu\mNT  &\0JV\S\\$ٕꝘ#V\BG3,\\0M\\NLf*s\K\\UTU1\\9\)_c\\rE\qyM\?\n?_V\0\Qf\7Q+\\0&\\[EK\~\\ \;\6\jK1|8X#2u\"\)}\} \\8ޢ_l\Z6`\W]\\0W\Z\\0+p_ܤbUUT\eV.\0*dɷ\:=^N!Q\\ћ`mK)\\} f\/J\,SXW\\ZB%\\y?\kp\\2\?Y\?\\!	_hr\\rD\ї?W)hm}\Rǩ\0\nzg\\Zw\\Ҡ\K\n\>#\n\ZS\)v\?\\\p\\!_QfE\Bt\\ŋ\V12\U\-\\B5J\{\0\Z\/m(h`\\\\06/:lFZknt:(CY\a\dձҵ\\\*\&\[ݤ\Z\LOP\U2ji\l\|3\ f\W,p\ZHW\\\\h\]\n\s.\b\\gݹ3|ej2 k\\ZeE\m3Xwx=\;j9=/\>\ދ\aXK^\\Z\u@<s\\Y}f!	X\\\\ZM\n%x5b\@\NaA\\;H4dN\\\\\7hI5o\\K\\6z:}?\t\0\B\73\C\l;2_1\\.Z1\\Ur\ͬ\1ZU\ \0G4%\\KzE\̼\\$Ȋ_\T1\Ϲ9V\¼	Kylψ\\ZsX\1\ Q~W\[\G.4P\]p\\cˬl~SzUoUv[<GVq\r-+F\\\c7lж5T\:NY3ˤ$AT\n=~ q\]8R\0YgXqCT\\xl\ב^\U\U\jT4Wy\\XСu\&109J\Hdzg\2ml\"!t\\TkЬ3\\&ܓwլGUPwKw$g#\\w0/\揢a\\0A\1\'\ɷ\5Ϲ\\fU\\	\5\e\ LmVWw<\\t+KXg\\\j)2*\\p\%Y\\!k6d\0<<KJ\\\{\Sϴs+L5\j,\Xd\b\/ML3V-F\U\S.5c\ඕ}y\\x9kI\\\Z\\}F{;U`)WW\~`^VovW\\ݣj<\\3jۋ0\=R\Yt\\en\{lhg߶}\OF\n;\	\4&u\ Ɇ\J\J k\|Sr\Z\\i\{3\*:\\\x.#\"\\K\n@&vX[\\\\E\&\$\̀q_\]a\\\	_d\\rJ\?q:٘\47?\G\(D\Z\sEؙ\\;^Yf}|_\NhV\0ʂ9\*w]\kB*\d\U`\\7>#@\QQ\\liyψ\\QE;{05E\rUh]\\.\\f&K\\<\.n\\)\WqL\g\J`\4\Q\>\"%\*\k_AmRA\ys9\\F\nr!AǴF!6P6N\\\Pvho\neR \ۧaB\r\d7\U\G)i])/#S<Q\\[s_)JY4\<BIxc\ZX\\:2(\;*\e\=Q\\\4}?\@\\F?Ȅm3\C}\9˾\(\0tT/\#ZıjIƚXj!c\G\Z\rp%\"]juG \nx\\̧Q\1a#b\{\Ŷ/\u[%Lӟ\X\\Հ\bN\տlNkF\\\rNJZ%X\枒m\8oLB9Z:\Df9ȑ\Z\\Gj\y\53\)/y\; WkEⷎ\$\?\s	R2I|\\X3\\+ܑhcp\\0\}#(ȿNXD*Ҕ\0\"\W\0\\\0\4V|p\!J\O\Eu\0\\\\\0}OR\ɶ\ZϽ\r\\T׮`\r\\\\\nxp=yPEq\\1>\ƕWx\\>%/\\ tWk.y\9]R[`\fzFZ\06\'EV\\{qf\7Ģ`eԻF\0/\13\\}![\n2\)(\рHs(\!3O[\\{NO@%tn]\_<n!uo$Ue\ZQ[\\L!L\\ZYe؆`-\c\\h\2mZW\\"\mxv(43y\\0\0\r\n\nw4ʶ\18\0}/E=cY8\\2\`f\R\}%\\0?Bg㭡|\\2\P\u~/\!?k\V\'3\C\b\{\r\\\\P\\Zj#IT/~a#\(e\ϻ#\%K(\\\XC\\\ n\u\\C\Qɰ_F]\ 3\\oD2f\\Zs[x0.\Ŵo.\<%ӡ\-(\"\YP\\\?TM\'\7\%\0\!k;fTH;K<*b\hK%ꨭ-tAɃSA2r2\\v7\!\\+x9\1*X4^W;\\%\q\AE#\p\\~$\di\"P\5J\%x\7[\o ڄiTCKA%JmW\\\A9\t~\	d\\rNgޟ\Q5\\\0HǼ&%Hѫ\؀.}\0Sƞ\0oׯҫ}\n@(P\\R/\\-ZP\nV&fKAM1ʑT89#t9JXBW\B\H]\\\\'\̖0EcF\\\\N\h@t0j\\Zk\ZSI\nQ\\'\\\B\;R*˖\/\ri\\TX\f\\Biq.iƵT=YYpo\\1\\,l\lgo\\nV;1\5 \Ly\r\Zٹ|\,`-L\+\0rO\u0\3\?o\c\|g59\\\<\\-Cbu[\F\"8=G\0\\r\-%ߙ\BCh\"V+x\b\D\\׹\,7:h9]\h5+\\Zʧ\\rJ\\\{\J6\\\;joPl~\bg\V7DS@\\\{\!?\n:\V̨\n\;zm-f\\"ܠq]\VY<.ƱRA1\"1i)@:rV\\\L\n)Hk| \FdQ-\[\xNb\,\LJ*\\\12\\\\YW\0\*\Q&6@@l\T\\n\n\:ØNf15O\\a\Ӧ\B\r[\\\&p7į\0\\\QC@cJQ\/pYJ\,\\1|8	\^ \00]\\.E-C},H\\"\gVw@V\\\\0*\\\Z\М\w3TQhm%.+s5o	M\J@\f#3\\\-E|st\i	ً3\%\0)\q\\A`MېV\Ji,Z\	$°\l\x\X:,\yMm\\n.+\\CjE	\33I!0\8i\YlB@\Z/-\U_=٬k\K@\YF\\(!M2\H\\\,r\(37ԏlm`QJc\\\0\ZK\\n}Ǉ@r\\'\>\\N\\\rO\\0\\@ffF/\R5a뉛+.۔d\\P۟JƔC\\\U\XwyE\"\U]T\V\I\\1e{\E r\+n\\Ûhϗ\L\ϼ\\:Nk\7z\'ȉ2} &\\]\\h\\1?9\/0R\rYli\\\0\\l(CV:ٛ\\,w	`\f%`0\\֚\\X?n-@V2\\riƶ\\\\9^՝w,r{ɲ(\j֭\\0b[\\"\@\m\b\eT=r\n\Pɪ\>\=O\\g}_\\7_aqK\\\(:j**P[\R\:F<\3&*#( K\~\0\r\\\Y\@k/\Ѻr0\\\\z!.Gs$>F\PĠ\!\\\\c\=b&VJQsy\Rc4rٽ\4@B{\\\M9xq))\]KhYrU\4_~\UV`\kY)hO8CqNN\\\N;\\^)9\kN\06t8\R\](7r1\tz\X;kC!mcb4^û\\&5E8#\\ExeYr\\r\9/\ʇ\\r\ _o\	\\l59=\٦\d3)Z.r]o\T\\\RT[\DȀq\\Z8^\\QMPJg(bs86T9rh6<\\q-\)\De\\0kwy-Vyb.z\xf\\\`a\en\\c0eEhgf9.`\\di\ީ2k\T\ȕZP\g+5tpLc\Ns\U^\\\{g\0j`K\y\\0U^\7YOEV\k\n\f1b6V\C\\9u-J=uJR0瘄\n2-Z-\QpW\n#[,>\q\|·\y \a\r\\\\\O\B웧-j~W\.A\77s\6>\.mΎIM\W9\5\r_Q\nW%Ìvia$[ȠZum#z\	i<eA(FW\cqab\0t7؀\\)\h\_\\\0\ֺFj/a\1S.5pR3 P\Zڗ\V\\zG\P1\͏yi\7Ӳ;L!at\?1$ãV\+\Ud\0JvƏf_v\᳊320\\Թ\bR\{5o\\`</\0\[C\W%f\>eVV-KUw+|8YJɦ7\\i\\+\D \"\W\7[0\6C\\=OB🷢59=\v`\·B\x6j\\4z\\'0eQƹj\\n(鐳\f\\\x*\na]u\+&U(::A\M\Z[]<CҶʱ=ܼ$\Ca\\\00\&8\n0b-MMz\'|@\@R/Ĩ%Z1PF\0\^J;K\X]\^Y8>\7٠-U\M\ɝD4R5OL1SA%B\Ә\@\nUc<Vݦ*\\qB\Xh\[P㉃\KTq\\:8vC\\\p\X\z\9	Oqt7q\ÐuEg,[r\2`\ZuP@\ڀN\\\\B\ݽCOC\OB~\\Nf]\_\u\\\\@gyxL\@9h\f(M\F\\s)ř\4\\yA-IkU\\W\w\nt\Qf\\2\xn\(.\\߉fj\0h\\"*\\n\\\\tKy\\"mAYqvx\"\"^\\}e\T\\_\\/7-Oc\N\D8.\1\\\Z`VL4 \.\7\2\0t(\<؜$\\\bb@ʤ_\\ ,˥9j,Xp8C:\\n\r:\ΠQ\ނY|qE\\\R\\yX(^gP;(\!\]\/ib,4\Y\\0\\u\*\\Kb\@޿\@\!_l0J\<ˈ@\9\\\ʶ2Φ=\;Q9\0׆ᖈ\"WGs\Zn\1p\\\\/;\\S\.{\MRpcT޴Ư]jR6f\E\j\n\\p\\n*\Ng;}m)\h*¾\.\؍1־\}\͜?\e\\|\\FZ>VZ&<\T4\/zq\n\4\o\S2G9O\\\\\\\\0)\\U\sY\{\\\\n\\S\CX0)\\\\\\\.1t\\\\R1t)L\^\`\\\l\\eo\\0ʠ`,\\Z\Kݏ0\0:\'X(\:@UWɖmV}e\\%d\\'\\0Ȅ\'\\} bVm݂\\"f\(\8Vyy\\\\v\\z a+\GXc؋J\q\\\\\qoV\0k\-\S\\a0HX\^:PƄh\bMq\!\Z\U/Bi6\\jR\0KۦD	\\gm}\Y\r\\L\\e\/\q(,-t%9I#\\r\\,=\G\l\0\/\Zid(\,}%\(g#KF-ׇ<^8b2l9\^\\\*\ZՐݤ D/.]\3ލ\\\n\n*2@\\Zs6b껉\Ny3\lm!SFg\\2ܫa}dӤZo-\u\\4@ϱ6?#\\~ޤ?8\w}COWc\	\\}\b\\'s\\I\	[}\.\,\a\\\:c~v;ZP?\!	\\̤y\㾛hVu\{\'Tt\r5Q\h\\\\\\0Y-6\\\_\02\J\\\h\q**\hz\\\\\>f#\\:7\W\J˘%\\\\K\0-ς*\\8Ǖ-0\\\+\\u`!ӷZ\\\`o#\9*\#]b\\\\n\{\o|D\i\\Ot\\\\ъ&\P\S1\,*\\\\\n͗\n\\Z\ڀv\\·\UXr+;ܔ{@U^S/UC\"w\$\?Ȏ^0&\\s\\0A\=%bV[\~+\Ov\\\Z\*\ǹ\\Z\\NJUR\xX2\#{J\\ \\-tTG@qBrp\[9\83U\\K`^\nQmd\)ׄeY\\ՐAw c³\5*\p,ZE3\\3\nYiώ uPi\_얀\\\b=ݾ\Wg\F^\\Xf^A\@	+PZ\\,m45P+Y1`U4qr~9LLj\^l/5*d(28!R\Z\-\7\r\^XƘ\\\0\OV\F\iȫ*7o40p;Z5%\9EhϦrEv\\B\h\9%\X_o\1v.{BKl]\nXW\r\\0\*\)~=0\OGj8j~\V\'	\\47ñSm\%\\2ۼ*\h	0\Z0f3\\#I\n*+YB̄\\V+\\rn@\0\\\\~9\r\i\\\r\ZË\P]2a0`m)\VIbf\\8 v\r\ڷ\,n]\nqmJrㆀ)q2G`sFJ(H\\\"üY\X\\z?j\iG\<*)BW\3S\0\t&\j)+(\U\Y\zw\Z\\r9\KhYU3\\8\\;Ꮼ\WRJS8H\մXi\a\E\\&;aȹ\\n\a\\\Pg[_\rC5ژ\\\r߈m\@Fd3f\//Nw5ܔ\I5\}&U\H8+\F>}M\NI\\N{Pt\\%\IAi\zzB4c\\"\lZJf\\M T_6\\rSB\h\q>%\r\l6b{̸f=5\\-]\0jد\X[u\f\r\U<\⶙ܪt7}F\r(ȁ(rxz\~b`񘺃͔)\\\8@\>Țg\'\\\\c:QSwKHc\>\,Q+a1U-踄_#M7`\fPXto\Y%\Zy\0\U*U >\l\\\\\\/]\Kj1\0\\LWLƖ8ۢo, 7z\\sҭ\QR\A\\fjv:#]L7\VQ̶r\l\\8Rb\\-]\TRw\G\l\\\<\\:&鞧\R]D\W`\#93\r*\O-\rLE\D\0a:˗]?DEA/4\\\UBӒu\\r\qB\ZB 5QqrZg\\"\\%KHZ̭\.ѩ\Ø өQ\"X\/i\\\\X\\\\bPC\\\"WDɼn7-+T5Z\\"p(k7qustDo \<\\a(\\	\Þ\\"K\=߉XQCdrIx(n\\\h\\\]\V\DP\PX\|\\\\'\)VU	x\\\V*GgJ\b]bo,ڙ*\~D<8ME1\\k\SD\}\KCƣR\8&%\n:7	V\m쌲ЦMm,3@XnW|d\0S.\Z\\PUk\\\I찰\e4(\ufP*u\*JPv2\ˮҊ\b![\Zc\r\U/1e>\\6H\}C\rٖ\\\'\V\\\\\X\ɯcF\)S-iI\ֆ!丵\\t\\n\&\7n\DM7B\~a\kX\\TQKR\,\\\]\a-<\\41v\FN\"\\ʈ6\\r\"+@͎l\MfP\iA{c\K[\̿\\\Mp~}_\CІ\=9v`\s\^\\\\n\\aU\\"D%WlF\%\\~ҁ\\\"X`\\Z5F-\	V\Y\\rA_	\A2I;\CT((6O0(\1g<\-J)\k\\PZ\n\#DҬu\"\0oΥ`k\Zz䌘-\rUA(u\\\\sO\TY!z9\L\M<\Zh}I<v7Ф7\rR.\r\\\0/&&!A\v\\r%/e\(W*PR[\\yo%,\F \Bm\GC ٍlX0\/R-B)c\\L\7m!1^Q\{J\(\n\\\@?<2\\\S(\\z\\\\0S\R)\T5V_b{v}Ȑa\pm+YuH1\e\fR\WGd\_ġE4t\וQU\\T\I\'Z۾u\6R\BcM˦H`wW]f\k<\ly]t`g5QVQHZcf\i?a\?\xY%Gs\.q\p\J\s^7Jm\0\\\R\A\$\AtkMc*\nf̲\^(5bY\uR\\)sW6<@# i\\k;G\B`@֍\\A\\>0#~ǬJ\ZX\4QB\Ց^!l j0\}\\q(MD\a\\d5\q\3\\0S\2uvas\sS\$\@6v30G!L4@UvB#P?0k.9u\\\0\SV\U\[\Z\j,\?PWj\\A\ZG=,p\3[\uxWm\#@\qP\2_hX+A\\*\nC\l+2f~eG\(\r\\BǣJ\"N|DloO\\\,\m׼M\h\\Y\WF+ \\v޶qmҊ湌\00~\\f\x\l/ٍhn\0QH\*\^?L\n\0\ \0(`\\q\]^}<~\bK\\\'}X\0\"q?I\nM\侳\\:K[i\(\\$Q2ŮԨ(,a&[9]֊WM\"W\*NXsiO\\0C&q<U \\"\4fX\R\\|\I\ \\!\\K\(8O%\UȤ\0E\\&1lM9O~c\\nc\؉8\;X}K`HE\n\\T! (\k\g;\0\[\c|cB~\\\\0GLZm\\q\r+\kad4\\\\R-g1W\-\;lc25HKc<\.n娱brKv\Q\/N헞ދ\f?Xgx\#\?\5?O\e=v\g\\^5C\\0P`Ҫ\\Z\\c\)!Et]a\5[\q &\Ө(H\۟-Pw,h.`l\wJd8@Y\j6\{/#Bl\%	`Ca<\\4F6\+\)\jiZHХL\Y.\l\0)n\l\\\PL(GX8r\2\\\\n\e\\B1lq\\pwGa\\92\{H\\B}2~mKm_kђ_/o#\M\m7Ӛ\nY\gp5\%\4\Q\m\sm2Qfuy@\a\?\Ą!~w\\\c\VX\\=\	\\\ak\\1c%@e\\\6Ŧ!27Oi\\0F\ĶбԣWYxx\rJ\rF[\\o݋xz\\\\"]uEe\ST\\"Ñ\"BV\r\\@@XB\\\&%\\9\\\w\FV43~Ҁ\Z/U ـ\N~%L8`|M5H=/\\Tgf\i-\"ݝ\}ܹI3I\0K@M)\Wr\":(\nWeXVAbg7\<-y\Кlȵ\Y\xS\`\0ؽ\C\\&ȗQUu\\.[Q[s\\rہ\UݜXW$-\\yNڧ\\ܭ!\r\?9Xe\}\!B\Z\\f~ڐה\٫\S\SE\\\߶X[Q\ZQ\БV\6\|3\\\\o\GJ9Yxx\lN\4wI\\nQ\\O2nZ-\n;\CQQ8\$\g$}\<e\9\\:\k*\3gݖ{k*\"ΡVh\+	j\ZaMá	4,\\\\HcګH6_\	nGg\$A}\`\Z=¬y;b0\n\n˳ڳP5djJN\uI\\]ׂ\"N\\0`o\Jȅ5J\^X*\w\\\"ר\}\Wх\n~\S!+zn\\\yp\\3W\ Y\,|!V`$\\'\j\\'\~\ݓh1\!N&?Yy9s\^\\\*\\\Caej\25\F\?\\ᅩݦXp\\Bmu<g\n\\\8qjEvfM5\j\:jJNB=\uB\03t\5\\c`\B\0YQ엌[J\\"c\t[%q\\-ګ@,\7\ʂ*\LsQW4\\Rba\\v3PVn#\/\<\Wa,\1^AKc\W\\@!\0᭳/A\Mp\btRR\Yh%\V&&;\)\/\`:\E*\=e/k,nTo\'Z\r\r:\4\z4t`x8Bn%u=\. \\ZYP2B:\\\ͥ\/li\\-\0\&\1ק\\\\?\Fr\}e~>6\\1<7\\.\\&\"\\]arWZ\\0~\ϰfi@j*bmtmT/qeX\$<Px%4K\\\F\(WK|R\\\\V\*A\;0\\\fd]%GR9`3vb!\\NF>BWIV<\P\A@?Z^vv)\rC5\\n|\u![B:\6V\2\nm\W]P\J[V\X\t\>\\B\jLQGXM\1,WR\\b8\\0\BWJZg T\\n	Y`\\\\wGH)\Un\"9b\rӤ\n#Z(oU1dEW8k\n\r\A\KC\ZR\L]\ɪ\\0	Mk.UbMK\La`S)a4\o\zG\\'\rG_yO\370/ \o/8\\r7]\CS7\<|ñG\j,\\\m^Kσv\\]ie\\\\\iVQ\\`4Y\\ĵЯ^\]\\\Psb\A\'%c0\6 R0 \m\0Ȁ)j\|D\Z&a\Jb2\\\?\Zs#:@	U\l1R_Q_\ddk{ \}Q\qjZ)*\\Zw~f-V:孜y\Zu9MEtg1\ԦQF\2Վ\\\ef4U`.fJȊ\0UR\\\d+\\\j\&	U@ͯ=T֣\s`rZR8&`uP_\A&XZ\ێMj\"j\\\r\Tn\+h\T_qHي\Mv\\\{(*u\en\}\e=\]\\\1\!\H\\J\I\a?+h<\\\.ɪ_Y]bJ\\\u,^X\],[\r\YA8P-L\WXzh3Yc>m\h\9-P\X8y>c:`\\\`g\\K\2\ܟ\\W \ĄL>%f+/I\\\w\\>Hj<aQjUJ`X:.\nQ*s]í:\n\\<f\B\\\]\\\JmL<\p\0tlXXPP,OY\v-q\\]\1s@Jۛ5\~\t\\\[\T\ۦ(X,+i-uCٝBG%_\2\\Q|J\CQcMݹ\n\p5@\F|^\7b\F\\\KB\(њب9ˌ\]2\Xu1!7+I2\X&\N\-Bq1̄\0?1f\%\\럑@\\\\X6+ktr[4\\ZbG_\\0G\@Ph54Dsޡ\"	wC\r\\4\\-l5bڊ\W+\\\\,TX,>\=w]e\#P[ϙ@f2\/G#E\ɍ\K\noNs)ۛF-u\Z&sxg$F<˰hz\$\\YF\s*CuI\\JE\\\0\נ\ݶ\D9+a@\Q\7\c\\\[\0\f4\\io7eR[eA\;\)U6u\Oo@\e1M#Vۯb^\#ˎ\,\\-\bQS2`\n־\\$vlv8\\0\U={A\~;\`\}\B_\4~\0FW\J)\2I7\*!-\s\Eϝy\rN\E\u{\T+\0|AV9P\M\fkÎ2\\U_qf\1\+ޯ&\"h/0.\\6o1\-df\\~\\(\WŨ;1rEף]\\\Zr߻2\\q\\lG\'\\d\U~\-Gi%,d\\\\& #mCMTZ8F\\)A1\\\7]4\K\Uإ+uN\55\0)\BT\\|L2\To\\jK(vt0N\@\+\\+ԭ\ Ў\#\26P-nK1?e\~8ۂG\$ @~rc\ſ\%(\JoG\\M/\\\}Lt*Hg\\\\\{Ɗ\Ɗ\<\B[tj=fq\2(\\A&\n[o65!.1\j3CJ(\\\\\0\@Jn.8.!F\%u^jP&E˒\}AB#(Q#S\lF\!,\\\^0u\d\5.\1׶9fK;\\(ÄBUy֯p \m\T\\\ru1Y%\\W\dz|\\،۶G5\_Rk<\̶{;^IŲm\\\\S.\\l\\X\tH\h0<\6# \\(.\0;\\'naEnd\\?&o\U\ZP1~	}+/=4)aj\\\\\0cBq_\\|(D\Sݾm.̐Ь d\EBݡ=jA\\\ tj+Q\ P3}p\Jl\Z\{BA\\UJX*17BLx(W\b+C*upv\&`\\t\;,tlwONp\C\n\nk\.ҳrB^\ m\!\-e\,ʠQAﻀ\\o_\\nVl\m.+\nNj\yƗ\Z\*	\F\kNieC3M!r(\\r\aa\ ճaWl\.s%+\\\\\0IX\X\Efe\055{ Cg\^0z4\;=1\\WcH\gE\\??\Y\0\?Cg\\G\v\\~\O\\0\\'G;O\S\wע@\qt5،$[f,\\::Oݿs\\W\~c\Y%\ǽ\V\x\ns\29\XWJCt\\ lB\pNqH\q\\NXa˽\GjK#\n\.vFe\+\gKeT\\ 2\"\/\2y\ҡ!\1R`\\^\U\\\>\p\j\}߈e\S\A\J\ZK=TRD*\@T=M#\bƺBt\Jt :Dt t\'\HF)+\*o#hCxV\\KN\RƆ\n\N\T\R<gp\naG\"\t7\r-U+\&\rb\={.XX2ѿ\=#\\\˃/F\K΄\n\=4!)\mG\\\eyYBz\0Jؠ\Zi\\\G\L\N\\\\:ӿ\N\\\'Q:T\s&\͐꓾DyXj\r\o\΅\U\\'w\.Pw\:!\1rS\'GV\FJ-\n\rU\@^XdbK]h\%<\\r8\0\!!\\AU\81A3.GW\?P\\Ԩ\\\f+_QC\L\Q\\r_3C\\\\Z\\\!t|!vM/o\\\0\0!\0\0\'W\0o*\\;߈\0\\0ȓ\EUè\\\\k\'\\0\B\s\0*\D\\@\'\\}b?3\\\\8z=W\\'\3Y(yi(=YL:9\RY\\0?\J\<GLլM]\R\Ej\\\\0gW[o\n_1\\\9\tc\?\W݋j\\2]b\L0JDa..Y\PU5\\\'\&Bc\ZA\\7\~D9\0I1\Z\k\b/\<\(hy\\\O\\0ͷ\\\\\\v\0O\\\\\v?D\a`\\\s+R}Q\K:\G\:ޢ\-^+\e\p|?e6S\\"_d\0O?D\\Z_%\M\V-\Ϧ<	C\q\A\5\0\\"EG\\\ \m{J&\0l9/\@\pg+\v\	Ga\	ZB쉸\`\\0~Q\q\B@\r)\\\:\S̹r\~ӥ?\?k\\\W\_w\s\>\0\~Q\0\0\\\0\?\\0\\|O\\0\\0\0\\\\05\_xu\~\'F@\02!\J|!\\0gw\0\cr\\?+o\0{\0e\\r\}\0\oT>Ӷ\\#\\\\;Y\\0w.~˜\ql\-\S\\~\V\\.5 wC\r\.9 @\\\]\J\*TS)\\e2L\Y3\yO)\<\K\\/_T\N\\N\ܝ\ܝ\\0\0ZZZ+V+---\/̸\r\\\\\˗._i}˗/Oi~e\e\e\e\_\\\L\Ot\SgYNe:\)}\\\_y}\\\_y}\\\_yr\ˋ\\\\\\\\\˗?\','the ball shattered the window'),(9,6,'written directions for finding some location',1,NULL,'I went to the wrong address'),(10,6,'greet, as with a prescribed form, title, or name',4,NULL,'He always addresses me with\'sir4\'');
/*!40000 ALTER TABLE `wmeaning` ENABLE KEYS */;
UNLOCK TABLES;

--
-- Table structure for table `words`
--

DROP TABLE IF EXISTS `words`;
/*!40101 SET @saved_cs_client     = @@character_set_client */;
/*!50503 SET character_set_client = utf8mb4 */;
CREATE TABLE `words` (
  `wid` int NOT NULL AUTO_INCREMENT,
  `word` varchar(500) NOT NULL,
  `syllable` varchar(500) NOT NULL,
  PRIMARY KEY (`wid`)
) ENGINE=InnoDB AUTO_INCREMENT=7 DEFAULT CHARSET=utf8mb4 COLLATE=utf8mb4_0900_ai_ci;
/*!40101 SET character_set_client = @saved_cs_client */;

--
-- Dumping data for table `words`
--

LOCK TABLES `words` WRITE;
/*!40000 ALTER TABLE `words` DISABLE KEYS */;
INSERT INTO `words` VALUES (1,'curious','kyʊriəs'),(2,'pineapple','paɪnæpəl'),(3,'store','stɔr'),(4,'bat','bæt'),(5,'Window','wɪndoʊ'),(6,'Address','ædrɛs');
/*!40000 ALTER TABLE `words` ENABLE KEYS */;
UNLOCK TABLES;
/*!40103 SET TIME_ZONE=@OLD_TIME_ZONE */;

/*!40101 SET SQL_MODE=@OLD_SQL_MODE */;
/*!40014 SET FOREIGN_KEY_CHECKS=@OLD_FOREIGN_KEY_CHECKS */;
/*!40014 SET UNIQUE_CHECKS=@OLD_UNIQUE_CHECKS */;
/*!40101 SET CHARACTER_SET_CLIENT=@OLD_CHARACTER_SET_CLIENT */;
/*!40101 SET CHARACTER_SET_RESULTS=@OLD_CHARACTER_SET_RESULTS */;
/*!40101 SET COLLATION_CONNECTION=@OLD_COLLATION_CONNECTION */;
/*!40111 SET SQL_NOTES=@OLD_SQL_NOTES */;

-- Dump completed on 2023-03-29  2:37:46
